#
# There is insufficient memory for the Java Runtime Environment to continue.
# Native memory allocation (malloc) failed to allocate 6089432 bytes. Error detail: Chunk::new
# Possible reasons:
#   The system is out of physical RAM or swap space
#   This process is running with CompressedOops enabled, and the Java Heap may be blocking the growth of the native heap
# Possible solutions:
#   Reduce memory load on the system
#   Increase physical memory or swap space
#   Check if swap backing store is full
#   Decrease Java heap size (-Xmx/-Xms)
#   Decrease number of Java threads
#   Decrease Java thread stack sizes (-Xss)
#   Set larger code cache with -XX:ReservedCodeCacheSize=
#   JVM is running with Unscaled Compressed Oops mode in which the Java heap is
#     placed in the first 4GB address space. The Java Heap base address is the
#     maximum limit for the native heap growth. Please use -XX:HeapBaseMinAddress
#     to set the Java Heap base and to place the Java Heap above 4GB virtual address.
# This output file may be truncated or incomplete.
#
#  Out of Memory Error (arena.cpp:186), pid=88112, tid=137868
#
# JRE version: OpenJDK Runtime Environment (25.0.3) (build 25.0.3+-15898627-b508.16)
# Java VM: OpenJDK 64-Bit Server VM (25.0.3+-15898627-b508.16, mixed mode, tiered, compressed oops, compressed class ptrs, g1 gc, windows-amd64)
# No core dump will be written. Minidumps are not enabled by default on client versions of Windows
#

---------------  S U M M A R Y ------------

Command Line: --add-opens=java.base/java.lang=ALL-UNNAMED --add-opens=java.base/java.lang.invoke=ALL-UNNAMED --add-opens=java.base/java.util=ALL-UNNAMED --add-opens=java.prefs/java.util.prefs=ALL-UNNAMED --add-exports=jdk.compiler/com.sun.tools.javac.api=ALL-UNNAMED --add-exports=jdk.compiler/com.sun.tools.javac.util=ALL-UNNAMED --add-opens=java.base/java.nio.charset=ALL-UNNAMED --add-opens=java.base/java.net=ALL-UNNAMED --add-opens=java.base/java.util.concurrent=ALL-UNNAMED --add-opens=java.base/java.util.concurrent.atomic=ALL-UNNAMED --add-opens=java.xml/javax.xml.namespace=ALL-UNNAMED --add-opens=java.base/java.time=ALL-UNNAMED --enable-native-access=ALL-UNNAMED -Xmx2048m -Dfile.encoding=UTF-8 -Duser.country=US -Duser.language=en -Duser.variant -javaagent:C:\Users\sunaan\.gradle\wrapper\dists\gradle-9.6.0-bin\42k10rwplmzkhuboz9kdazi7s\gradle-9.6.0\lib\agents\gradle-instrumentation-agent-9.6.0.jar org.gradle.launcher.daemon.bootstrap.GradleDaemon 9.6.0

Host: 12th Gen Intel(R) Core(TM) i5-12500H, 16 cores, 15G,  Windows 11 , 64 bit Build 26100 (10.0.26100.9444)
Time: Sat Sep 12 15:18:29 2026 Bangladesh Standard Time elapsed time: 26.111274 seconds (0d 0h 0m 26s)

---------------  T H R E A D  ---------------

Current thread (0x00000129676a2ef0):  JavaThread "C2 CompilerThread0" daemon [_thread_in_native, id=137868, stack(0x00000017e9000000,0x00000017e9100000) (1024K)]


Current CompileTask:
C2:26111 22884       4       com.android.tools.r8.internal.no::a (189 bytes)

Stack: [0x00000017e9000000,0x00000017e9100000]
Native frames: (J=compiled Java code, j=interpreted, Vv=VM code, C=native code)
V  [jvm.dll+0x7bf039]  (no source info available)
V  [jvm.dll+0x78912d]  (no source info available)
V  [jvm.dll+0xa0e615]  (no source info available)
V  [jvm.dll+0xa10c94]  (no source info available)
V  [jvm.dll+0xa11393]  (no source info available)
V  [jvm.dll+0x30a116]  (no source info available)
V  [jvm.dll+0x10eda9]  (no source info available)
V  [jvm.dll+0x10f0d2]  (no source info available)
V  [jvm.dll+0x1a9b77]  (no source info available)
V  [jvm.dll+0x3bf612]  (no source info available)
V  [jvm.dll+0x7c48b7]  (no source info available)
V  [jvm.dll+0x2ce466]  (no source info available)
V  [jvm.dll+0x2cd641]  (no source info available)
V  [jvm.dll+0x24334a]  (no source info available)
V  [jvm.dll+0x2dd025]  (no source info available)
V  [jvm.dll+0x2db226]  (no source info available)
V  [jvm.dll+0x49c12e]  (no source info available)
V  [jvm.dll+0x9ad738]  (no source info available)
V  [jvm.dll+0x7bd585]  (no source info available)
C  [ucrtbase.dll+0x2cd30]  (no source info available)
C  [KERNEL32.DLL+0x2cd87]  (no source info available)
C  [ntdll.dll+0xacaec]  (no source info available)

Lock stack of current Java thread (top to bottom):


---------------  P R O C E S S  ---------------

Threads class SMR info:
_java_thread_list=0x0000012978672570, length=103, elements={
0x000001294ede8160, 0x000001294ede5280, 0x000001296768cf00, 0x000001296768f610,
0x000001296768dea0, 0x000001296768ee40, 0x0000012967690d80, 0x00000129676924f0,
0x00000129676a2ef0, 0x00000129676a8d30, 0x000001296785aa00, 0x000001296785e0b0,
0x000001296785e880, 0x000001296e01fa90, 0x000001296e023910, 0x000001296e0248b0,
0x000001296e0f0030, 0x000001296e0ef090, 0x000001296e0ee8c0, 0x000001296e0f0fd0,
0x000001296e0f17a0, 0x000001296e0f2f10, 0x000001296e0f1f70, 0x000001296e0f4680,
0x000001296f1fa210, 0x000001296f1fa9e0, 0x000001296f1fb980, 0x000001296f1fc920,
0x000001296f1f9a40, 0x000001296f1fd8c0, 0x000001296785c170, 0x000001296fff2a70,
0x000001296fff41e0, 0x000001296fff1ad0, 0x000001296fff22a0, 0x000001296fff7890,
0x000001296c2b18f0, 0x000001296c2b2890, 0x000001296c2af1e0, 0x000001296c2b0180,
0x000001296c2b20c0, 0x000001296c2b5f40, 0x000001296c2b3830, 0x000001296c2b4fa0,
0x00000129711d4d00, 0x00000129711d7410, 0x00000129711d6c40, 0x00000129711daac0,
0x00000129711d9b20, 0x00000129711d9350, 0x0000012971ab1f10, 0x0000012971ababb0,
0x0000012971abbb50, 0x0000012971abe260, 0x0000012971abd2c0, 0x0000012971abf9d0,
0x00000129724b1f00, 0x00000129724c1f10, 0x00000129724c0f70, 0x00000129724c2eb0,
0x00000129724c1740, 0x00000129724c3e50, 0x00000129724c55c0, 0x00000129724c5d90,
0x00000129724c6560, 0x00000129724c7500, 0x00000129724c9440, 0x00000129724ca3e0,
0x00000129724b0790, 0x00000129724b2ea0, 0x00000129724b3e40, 0x00000129724b4610,
0x00000129724b1730, 0x00000129724b7cc0, 0x00000129724b55b0, 0x00000129724b5d80,
0x00000129724baba0, 0x00000129724b74f0, 0x00000129724be250, 0x00000129724bcae0,
0x00000129724bda80, 0x00000129724ccaf0, 0x0000012967694430, 0x0000012977a7e610,
0x0000012977a7d670, 0x0000012977a7cea0, 0x0000012977a7de40, 0x0000012977a7f5b0,
0x0000012977a7fd80, 0x0000012977a80d20, 0x0000012977a80550, 0x0000012977a82490,
0x0000012970c86970, 0x0000012977e446d0, 0x0000012977e3f8b0, 0x0000012977e44ea0,
0x0000012977e49cc0, 0x0000012977e4ac60, 0x0000012977a81cc0, 0x000001296785d8e0,
0x0000012971ab9440, 0x00000129724b9430, 0x000001296e5736a0
}

Java Threads: ( => current thread )
  0x000001294ede8160 JavaThread "main"                              [_thread_blocked, id=47088, stack(0x00000017e8100000,0x00000017e8200000) (1024K)]
  0x000001294ede5280 JavaThread "Common-Cleaner"             daemon [_thread_blocked, id=3808, stack(0x00000017e8900000,0x00000017e8a00000) (1024K)]
  0x000001296768cf00 JavaThread "Reference Handler"          daemon [_thread_blocked, id=153212, stack(0x00000017e8a00000,0x00000017e8b00000) (1024K)]
  0x000001296768f610 JavaThread "Finalizer"                  daemon [_thread_blocked, id=117752, stack(0x00000017e8b00000,0x00000017e8c00000) (1024K)]
  0x000001296768dea0 JavaThread "Signal Dispatcher"          daemon [_thread_blocked, id=34936, stack(0x00000017e8c00000,0x00000017e8d00000) (1024K)]
  0x000001296768ee40 JavaThread "Attach Listener"            daemon [_thread_blocked, id=11172, stack(0x00000017e8d00000,0x00000017e8e00000) (1024K)]
  0x0000012967690d80 JavaThread "Service Thread"             daemon [_thread_blocked, id=103924, stack(0x00000017e8e00000,0x00000017e8f00000) (1024K)]
  0x00000129676924f0 JavaThread "Monitor Deflation Thread"   daemon [_thread_blocked, id=29004, stack(0x00000017e8f00000,0x00000017e9000000) (1024K)]
=>0x00000129676a2ef0 JavaThread "C2 CompilerThread0"         daemon [_thread_in_native, id=137868, stack(0x00000017e9000000,0x00000017e9100000) (1024K)]
  0x00000129676a8d30 JavaThread "C1 CompilerThread0"         daemon [_thread_blocked, id=94060, stack(0x00000017e9100000,0x00000017e9200000) (1024K)]
  0x000001296785aa00 JavaThread "Notification Thread"        daemon [_thread_blocked, id=103512, stack(0x00000017e9500000,0x00000017e9600000) (1024K)]
  0x000001296785e0b0 JavaThread "Daemon health stats"               [_thread_blocked, id=144284, stack(0x00000017e9c00000,0x00000017e9d00000) (1024K)]
  0x000001296785e880 JavaThread "Incoming local TCP Connector on port 59621"        [_thread_in_native, id=64756, stack(0x00000017e9d00000,0x00000017e9e00000) (1024K)]
  0x000001296e01fa90 JavaThread "Daemon periodic checks"            [_thread_blocked, id=41436, stack(0x00000017e9e00000,0x00000017e9f00000) (1024K)]
  0x000001296e023910 JavaThread "Daemon"                            [_thread_blocked, id=5576, stack(0x00000017ea800000,0x00000017ea900000) (1024K)]
  0x000001296e0248b0 JavaThread "Handler for socket connection from /127.0.0.1:59621 to /127.0.0.1:59622"        [_thread_in_native, id=59912, stack(0x00000017ea900000,0x00000017eaa00000) (1024K)]
  0x000001296e0f0030 JavaThread "Cancel handler"                    [_thread_blocked, id=101016, stack(0x00000017eaa00000,0x00000017eab00000) (1024K)]
  0x000001296e0ef090 JavaThread "Daemon worker"                     [_thread_blocked, id=44728, stack(0x00000017eab00000,0x00000017eac00000) (1024K)]
  0x000001296e0ee8c0 JavaThread "Asynchronous log dispatcher for DefaultDaemonConnection: socket connection from /127.0.0.1:59621 to /127.0.0.1:59622"        [_thread_blocked, id=33532, stack(0x00000017eac00000,0x00000017ead00000) (1024K)]
  0x000001296e0f0fd0 JavaThread "Stdin handler"                     [_thread_blocked, id=66896, stack(0x00000017ead00000,0x00000017eae00000) (1024K)]
  0x000001296e0f17a0 JavaThread "Daemon client event forwarder"        [_thread_blocked, id=17592, stack(0x00000017eae00000,0x00000017eaf00000) (1024K)]
  0x000001296e0f2f10 JavaThread "Cache worker for journal cache (C:\Users\sunaan\.gradle\caches\journal-1)"        [_thread_blocked, id=43564, stack(0x00000017eaf00000,0x00000017eb000000) (1024K)]
  0x000001296e0f1f70 JavaThread "File lock request listener"        [_thread_in_native, id=44416, stack(0x00000017eb000000,0x00000017eb100000) (1024K)]
  0x000001296e0f4680 JavaThread "Cache worker for file hash cache (C:\Users\sunaan\.gradle\caches\9.6.0\fileHashes)"        [_thread_blocked, id=72040, stack(0x00000017eb100000,0x00000017eb200000) (1024K)]
  0x000001296f1fa210 JavaThread "Cache worker for file hash cache (D:\StudioProjects\ForzaTimer\.gradle\9.6.0\fileHashes)"        [_thread_blocked, id=35828, stack(0x00000017eb200000,0x00000017eb300000) (1024K)]
  0x000001296f1fa9e0 JavaThread "Cache worker for checksums cache (D:\StudioProjects\ForzaTimer\.gradle\9.6.0\checksums)"        [_thread_blocked, id=70912, stack(0x00000017eb300000,0x00000017eb400000) (1024K)]
  0x000001296f1fb980 JavaThread "Cache worker for Build Output Cleanup Cache (D:\StudioProjects\ForzaTimer\.gradle\buildOutputCleanup)"        [_thread_blocked, id=121756, stack(0x00000017eb400000,0x00000017eb500000) (1024K)]
  0x000001296f1fc920 JavaThread "Cache worker for file content cache (C:\Users\sunaan\.gradle\caches\9.6.0\fileContent)"        [_thread_blocked, id=90452, stack(0x00000017eb500000,0x00000017eb600000) (1024K)]
  0x000001296f1f9a40 JavaThread "File watcher server"        daemon [_thread_in_native, id=30496, stack(0x00000017eb600000,0x00000017eb700000) (1024K)]
  0x000001296f1fd8c0 JavaThread "File watcher consumer"      daemon [_thread_blocked, id=96192, stack(0x00000017eb700000,0x00000017eb800000) (1024K)]
  0x000001296785c170 JavaThread "Cache worker for cache directory md-supplier (C:\Users\sunaan\.gradle\caches\9.6.0\md-supplier)"        [_thread_blocked, id=78392, stack(0x00000017eb800000,0x00000017eb900000) (1024K)]
  0x000001296fff2a70 JavaThread "Cache worker for cache directory md-rule (C:\Users\sunaan\.gradle\caches\9.6.0\md-rule)"        [_thread_blocked, id=3136, stack(0x00000017eb900000,0x00000017eba00000) (1024K)]
  0x000001296fff41e0 JavaThread "Build operations"                  [_thread_blocked, id=144988, stack(0x00000017e9600000,0x00000017e9700000) (1024K)]
  0x000001296fff1ad0 JavaThread "Build operations Thread 2"         [_thread_blocked, id=129096, stack(0x00000017eba00000,0x00000017ebb00000) (1024K)]
  0x000001296fff22a0 JavaThread "Build operations Thread 3"         [_thread_blocked, id=146876, stack(0x00000017ebb00000,0x00000017ebc00000) (1024K)]
  0x000001296fff7890 JavaThread "Configuration cache report writer"        [_thread_blocked, id=14248, stack(0x00000017ebc00000,0x00000017ebd00000) (1024K)]
  0x000001296c2b18f0 JavaThread "Build operations Thread 4"         [_thread_blocked, id=81960, stack(0x00000017ebd00000,0x00000017ebe00000) (1024K)]
  0x000001296c2b2890 JavaThread "Build operations Thread 5"         [_thread_blocked, id=39576, stack(0x00000017ebe00000,0x00000017ebf00000) (1024K)]
  0x000001296c2af1e0 JavaThread "Build operations Thread 6"         [_thread_blocked, id=152776, stack(0x00000017ebf00000,0x00000017ec000000) (1024K)]
  0x000001296c2b0180 JavaThread "Build operations Thread 7"         [_thread_blocked, id=152248, stack(0x00000017ec000000,0x00000017ec100000) (1024K)]
  0x000001296c2b20c0 JavaThread "Build operations Thread 8"         [_thread_blocked, id=121124, stack(0x00000017ec100000,0x00000017ec200000) (1024K)]
  0x000001296c2b5f40 JavaThread "Build operations Thread 9"         [_thread_blocked, id=23112, stack(0x00000017ec200000,0x00000017ec300000) (1024K)]
  0x000001296c2b3830 JavaThread "Build operations Thread 10"        [_thread_blocked, id=51024, stack(0x00000017ec300000,0x00000017ec400000) (1024K)]
  0x000001296c2b4fa0 JavaThread "Build operations Thread 11"        [_thread_blocked, id=41524, stack(0x00000017ec400000,0x00000017ec500000) (1024K)]
  0x00000129711d4d00 JavaThread "Build operations Thread 12"        [_thread_blocked, id=90068, stack(0x00000017ec500000,0x00000017ec600000) (1024K)]
  0x00000129711d7410 JavaThread "Build operations Thread 13"        [_thread_blocked, id=18268, stack(0x00000017ec600000,0x00000017ec700000) (1024K)]
  0x00000129711d6c40 JavaThread "Build operations Thread 14"        [_thread_blocked, id=56912, stack(0x00000017ec700000,0x00000017ec800000) (1024K)]
  0x00000129711daac0 JavaThread "Build operations Thread 15"        [_thread_blocked, id=34708, stack(0x00000017ec800000,0x00000017ec900000) (1024K)]
  0x00000129711d9b20 JavaThread "Build operations Thread 16"        [_thread_blocked, id=32896, stack(0x00000017ec900000,0x00000017eca00000) (1024K)]
  0x00000129711d9350 JavaThread "Memory manager"                    [_thread_blocked, id=29140, stack(0x00000017eca00000,0x00000017ecb00000) (1024K)]
  0x0000012971ab1f10 JavaThread "build event listener"              [_thread_blocked, id=120812, stack(0x00000017ecb00000,0x00000017ecc00000) (1024K)]
  0x0000012971ababb0 JavaThread "included builds"                   [_thread_blocked, id=121788, stack(0x00000017ecc00000,0x00000017ecd00000) (1024K)]
  0x0000012971abbb50 JavaThread "Execution worker"                  [_thread_blocked, id=2500, stack(0x00000017ecd00000,0x00000017ece00000) (1024K)]
  0x0000012971abe260 JavaThread "Execution worker Thread 2"         [_thread_blocked, id=29824, stack(0x00000017ece00000,0x00000017ecf00000) (1024K)]
  0x0000012971abd2c0 JavaThread "Execution worker Thread 3"         [_thread_blocked, id=75008, stack(0x00000017ecf00000,0x00000017ed000000) (1024K)]
  0x0000012971abf9d0 JavaThread "Execution worker Thread 4"         [_thread_blocked, id=128500, stack(0x00000017ed000000,0x00000017ed100000) (1024K)]
  0x00000129724b1f00 JavaThread "Execution worker Thread 5"         [_thread_blocked, id=35636, stack(0x00000017ed100000,0x00000017ed200000) (1024K)]
  0x00000129724c1f10 JavaThread "Execution worker Thread 6"         [_thread_blocked, id=91700, stack(0x00000017ed200000,0x00000017ed300000) (1024K)]
  0x00000129724c0f70 JavaThread "Execution worker Thread 7"         [_thread_blocked, id=120688, stack(0x00000017ed300000,0x00000017ed400000) (1024K)]
  0x00000129724c2eb0 JavaThread "Execution worker Thread 8"         [_thread_blocked, id=47864, stack(0x00000017ed400000,0x00000017ed500000) (1024K)]
  0x00000129724c1740 JavaThread "Execution worker Thread 9"         [_thread_blocked, id=101948, stack(0x00000017ed500000,0x00000017ed600000) (1024K)]
  0x00000129724c3e50 JavaThread "Execution worker Thread 10"        [_thread_blocked, id=137568, stack(0x00000017ed600000,0x00000017ed700000) (1024K)]
  0x00000129724c55c0 JavaThread "Execution worker Thread 11"        [_thread_blocked, id=110700, stack(0x00000017ed700000,0x00000017ed800000) (1024K)]
  0x00000129724c5d90 JavaThread "Execution worker Thread 12"        [_thread_blocked, id=43460, stack(0x00000017ed800000,0x00000017ed900000) (1024K)]
  0x00000129724c6560 JavaThread "Execution worker Thread 13"        [_thread_blocked, id=101584, stack(0x00000017ed900000,0x00000017eda00000) (1024K)]
  0x00000129724c7500 JavaThread "Execution worker Thread 14"        [_thread_blocked, id=90204, stack(0x00000017eda00000,0x00000017edb00000) (1024K)]
  0x00000129724c9440 JavaThread "Execution worker Thread 15"        [_thread_blocked, id=79684, stack(0x00000017edb00000,0x00000017edc00000) (1024K)]
  0x00000129724ca3e0 JavaThread "Cache worker for execution history cache (D:\StudioProjects\ForzaTimer\.gradle\9.6.0\executionHistory)"        [_thread_blocked, id=84484, stack(0x00000017edc00000,0x00000017edd00000) (1024K)]
  0x00000129724b0790 JavaThread "WorkerExecutor Queue"              [_thread_blocked, id=26456, stack(0x00000017ede00000,0x00000017edf00000) (1024K)]
  0x00000129724b2ea0 JavaThread "WorkerExecutor Queue Thread 2"        [_thread_blocked, id=78116, stack(0x00000017edf00000,0x00000017ee000000) (1024K)]
  0x00000129724b3e40 JavaThread "WorkerExecutor Queue Thread 3"        [_thread_blocked, id=67752, stack(0x00000017ee000000,0x00000017ee100000) (1024K)]
  0x00000129724b4610 JavaThread "pool-3-thread-1"                   [_thread_blocked, id=72996, stack(0x00000017ee100000,0x00000017ee200000) (1024K)]
  0x00000129724b1730 JavaThread "stderr"                            [_thread_in_native, id=141188, stack(0x00000017ee200000,0x00000017ee300000) (1024K)]
  0x00000129724b7cc0 JavaThread "stdout"                            [_thread_in_native, id=103620, stack(0x00000017ee300000,0x00000017ee400000) (1024K)]
  0x00000129724b55b0 JavaThread "RMI Scheduler(0)"           daemon [_thread_blocked, id=39700, stack(0x00000017ee400000,0x00000017ee500000) (1024K)]
  0x00000129724b5d80 JavaThread "RMI GC Daemon"              daemon [_thread_blocked, id=102308, stack(0x00000017ee600000,0x00000017ee700000) (1024K)]
  0x00000129724baba0 JavaThread "RMI TCP Accept-0"           daemon [_thread_in_native, id=145008, stack(0x00000017ee700000,0x00000017ee800000) (1024K)]
  0x00000129724b74f0 JavaThread "RMI Reaper"                        [_thread_blocked, id=5216, stack(0x00000017ee800000,0x00000017ee900000) (1024K)]
  0x00000129724be250 JavaThread "RMI TCP Connection(1)-127.0.0.1" daemon [_thread_in_native, id=82888, stack(0x00000017ee900000,0x00000017eea00000) (1024K)]
  0x00000129724bcae0 JavaThread "WorkerExecutor Queue Thread 4"        [_thread_in_Java, id=137508, stack(0x00000017e9200000,0x00000017e9300000) (1024K)]
  0x00000129724bda80 JavaThread "WorkerExecutor Queue Thread 5"        [_thread_blocked, id=156452, stack(0x00000017e9300000,0x00000017e9400000) (1024K)]
  0x00000129724ccaf0 JavaThread "WorkerExecutor Queue Thread 6"        [_thread_blocked, id=23940, stack(0x00000017e9400000,0x00000017e9500000) (1024K)]
  0x0000012967694430 JavaThread "WorkerExecutor Queue Thread 7"        [_thread_blocked, id=57108, stack(0x00000017edd00000,0x00000017ede00000) (1024K)]
  0x0000012977a7e610 JavaThread "WorkerExecutor Queue Thread 8"        [_thread_blocked, id=41912, stack(0x00000017ee500000,0x00000017ee600000) (1024K)]
  0x0000012977a7d670 JavaThread "WorkerExecutor Queue Thread 9"        [_thread_blocked, id=56104, stack(0x00000017eea00000,0x00000017eeb00000) (1024K)]
  0x0000012977a7cea0 JavaThread "WorkerExecutor Queue Thread 10"        [_thread_blocked, id=9640, stack(0x00000017eeb00000,0x00000017eec00000) (1024K)]
  0x0000012977a7de40 JavaThread "WorkerExecutor Queue Thread 11"        [_thread_blocked, id=72948, stack(0x00000017eec00000,0x00000017eed00000) (1024K)]
  0x0000012977a7f5b0 JavaThread "WorkerExecutor Queue Thread 12"        [_thread_blocked, id=115652, stack(0x00000017eed00000,0x00000017eee00000) (1024K)]
  0x0000012977a7fd80 JavaThread "WorkerExecutor Queue Thread 13"        [_thread_blocked, id=20564, stack(0x00000017eee00000,0x00000017eef00000) (1024K)]
  0x0000012977a80d20 JavaThread "WorkerExecutor Queue Thread 14"        [_thread_blocked, id=106396, stack(0x00000017eef00000,0x00000017ef000000) (1024K)]
  0x0000012977a80550 JavaThread "WorkerExecutor Queue Thread 15"        [_thread_blocked, id=36300, stack(0x00000017ef000000,0x00000017ef100000) (1024K)]
  0x0000012977a82490 JavaThread "WorkerExecutor Queue Thread 16"        [_thread_blocked, id=144504, stack(0x00000017ef100000,0x00000017ef200000) (1024K)]
  0x0000012970c86970 JavaThread "C1 CompilerThread1"         daemon [_thread_blocked, id=155256, stack(0x00000017ef200000,0x00000017ef300000) (1024K)]
  0x0000012977e446d0 JavaThread "RMI TCP Connection(2)-127.0.0.1" daemon [_thread_in_native, id=44800, stack(0x00000017ef400000,0x00000017ef500000) (1024K)]
  0x0000012977e3f8b0 JavaThread "Dispatch org.gradle.api.internal.tasks.testing.results.AttachParentTestResultProcessor@1b0e75c9"        [_thread_blocked, id=134300, stack(0x00000017ef300000,0x00000017ef400000) (1024K)]
  0x0000012977e44ea0 JavaThread "Dispatch org.gradle.api.internal.tasks.testing.processors.RestartEveryNTestDefinitionProcessor@444981c6"        [_thread_blocked, id=40300, stack(0x00000017ef500000,0x00000017ef600000) (1024K)]
  0x0000012977e49cc0 JavaThread "Incoming local TCP Connector on port 54931"        [_thread_in_native, id=108932, stack(0x00000017ef600000,0x00000017ef700000) (1024K)]
  0x0000012977e4ac60 JavaThread "Exec process"                      [_thread_in_native, id=117732, stack(0x00000017ef700000,0x00000017ef800000) (1024K)]
  0x0000012977a81cc0 JavaThread "DisconnectableInputStream source reader" daemon [_thread_blocked, id=112352, stack(0x00000017ef800000,0x00000017ef900000) (1024K)]
  0x000001296785d8e0 JavaThread "Exec process Thread 2"             [_thread_in_native, id=61876, stack(0x00000017ef900000,0x00000017efa00000) (1024K)]
  0x0000012971ab9440 JavaThread "Exec process Thread 3"             [_thread_in_native, id=76236, stack(0x00000017efa00000,0x00000017efb00000) (1024K)]
  0x00000129724b9430 JavaThread "Exec process Thread 4"             [_thread_in_native, id=117236, stack(0x00000017efb00000,0x00000017efc00000) (1024K)]
  0x000001296e5736a0 JavaThread "C1 CompilerThread2"         daemon [_thread_blocked, id=116228, stack(0x00000017efc00000,0x00000017efd00000) (1024K)]
Total: 103

Other Threads:
  0x0000012966eabc10 VMThread "VM Thread"                           [id=9952, stack(0x00000017e8800000,0x00000017e8900000) (1024K)]
  0x0000012966e2b1f0 WatcherThread "VM Periodic Task Thread"        [id=98472, stack(0x00000017e8700000,0x00000017e8800000) (1024K)]
  0x000001294ee468d0 WorkerThread "GC Thread#0"                     [id=129056, stack(0x00000017e8200000,0x00000017e8300000) (1024K)]
  0x000001296d093470 WorkerThread "GC Thread#1"                     [id=119244, stack(0x00000017e9700000,0x00000017e9800000) (1024K)]
  0x000001296d0938a0 WorkerThread "GC Thread#2"                     [id=13592, stack(0x00000017e9800000,0x00000017e9900000) (1024K)]
  0x000001296d03c7c0 WorkerThread "GC Thread#3"                     [id=22864, stack(0x00000017e9900000,0x00000017e9a00000) (1024K)]
  0x000001296d03cbf0 WorkerThread "GC Thread#4"                     [id=132240, stack(0x00000017e9a00000,0x00000017e9b00000) (1024K)]
  0x00000129678df410 WorkerThread "GC Thread#5"                     [id=88232, stack(0x00000017e9b00000,0x00000017e9c00000) (1024K)]
  0x000001296d21f7a0 WorkerThread "GC Thread#6"                     [id=124756, stack(0x00000017e9f00000,0x00000017ea000000) (1024K)]
  0x000001296d21cc80 WorkerThread "GC Thread#7"                     [id=35984, stack(0x00000017ea000000,0x00000017ea100000) (1024K)]
  0x000001296d220040 WorkerThread "GC Thread#8"                     [id=59480, stack(0x00000017ea100000,0x00000017ea200000) (1024K)]
  0x000001296d220490 WorkerThread "GC Thread#9"                     [id=21688, stack(0x00000017ea200000,0x00000017ea300000) (1024K)]
  0x000001296d21ef00 WorkerThread "GC Thread#10"                    [id=63212, stack(0x00000017ea300000,0x00000017ea400000) (1024K)]
  0x000001296d221180 WorkerThread "GC Thread#11"                    [id=50788, stack(0x00000017ea400000,0x00000017ea500000) (1024K)]
  0x000001296d21e660 WorkerThread "GC Thread#12"                    [id=142316, stack(0x00000017ea500000,0x00000017ea600000) (1024K)]
  0x000001294ee5fc70 ConcurrentGCThread "G1 Main Marker"            [id=136196, stack(0x00000017e8300000,0x00000017e8400000) (1024K)]
  0x000001294ee61380 WorkerThread "G1 Conc#0"                       [id=121684, stack(0x00000017e8400000,0x00000017e8500000) (1024K)]
  0x000001296d220d30 WorkerThread "G1 Conc#1"                       [id=75492, stack(0x00000017ea600000,0x00000017ea700000) (1024K)]
  0x000001296d21d520 WorkerThread "G1 Conc#2"                       [id=61616, stack(0x00000017ea700000,0x00000017ea800000) (1024K)]
  0x0000012966cff8b0 ConcurrentGCThread "G1 Refine#0"               [id=62288, stack(0x00000017e8500000,0x00000017e8600000) (1024K)]
  0x0000012966d002c0 ConcurrentGCThread "G1 Service"                [id=56752, stack(0x00000017e8600000,0x00000017e8700000) (1024K)]
Total: 21

Threads with active compile tasks:
C2 CompilerThread0  26296 22884       4       com.android.tools.r8.internal.no::a (189 bytes)
Total: 1

VM state: not at safepoint (normal execution)

VM Mutex/Monitor currently owned by a thread: None

Heap address: 0x0000000080000000, size: 2048 MB, Compressed Oops mode: 32-bit

CDS archive(s) not mapped
Compressed class space mapped at: 0x0000000016000000-0x0000000056000000, reserved size: 1073741824
UseCompressedClassPointers 1, UseCompactObjectHeaders 0
Narrow klass pointer bits 32, Max shift 3
Narrow klass base: 0x0000000000000000, Narrow klass shift: 0
Encoding Range: [0x0000000000000000 - 0x0000000100000000), (4294967296 bytes)
Klass Range:    [0x0000000016000000 - 0x0000000056000000), (1073741824 bytes)
Klass ID Range:  [369098752 - 1442840569) (1073741817)
No protection zone.

GC Precious Log:
 CardTable entry size: 512
 Card Set container configuration: InlinePtr #cards 5 size 8 Array Of Cards #cards 10 size 36 Howl #buckets 4 coarsen threshold 1843 Howl Bitmap #cards 512 size 80 coarsen threshold 460 Card regions per heap region 1 cards per card region 2048
 CPUs: 16 total, 16 available
 Memory: 16070M
 Large Page Support: Disabled
 NUMA Support: Disabled
 Compressed Oops: Enabled (32-bit)
 Heap Region Size: 1M
 Heap Min Capacity: 8M
 Heap Initial Capacity: 252M
 Heap Max Capacity: 2G
 Pre-touch: Disabled
 Parallel Workers: 13
 Concurrent Workers: 3
 Concurrent Refinement Workers: 13
 Periodic GC: Disabled

Heap:
 garbage-first heap   total reserved 2097152K, committed 332800K, used 182347K [0x0000000080000000, 0x0000000100000000)
  region size 1024K, 22 young (22528K), 8 survivors (8192K)

Heap Regions: E=young(eden), S=young(survivor), O=old, HS=humongous(starts), HC=humongous(continues), CS=collection set, F=free, TAMS=top-at-mark-start, PB=parsable bottom
|   0|0x0000000080000000, 0x0000000080100000, 0x0000000080100000|100%|HS|  |TAMS 0x0000000080000000| PB 0x0000000080000000| Complete |  0
|   1|0x0000000080100000, 0x0000000080200000, 0x0000000080200000|100%|HC|  |TAMS 0x0000000080100000| PB 0x0000000080100000| Complete |  0
|   2|0x0000000080200000, 0x0000000080300000, 0x0000000080300000|100%|HC|  |TAMS 0x0000000080200000| PB 0x0000000080200000| Complete |  0
|   3|0x0000000080300000, 0x0000000080400000, 0x0000000080400000|100%|HC|  |TAMS 0x0000000080300000| PB 0x0000000080300000| Complete |  0
|   4|0x0000000080400000, 0x0000000080500000, 0x0000000080500000|100%| O|  |TAMS 0x0000000080400000| PB 0x0000000080400000| Untracked |  0
|   5|0x0000000080500000, 0x0000000080600000, 0x0000000080600000|100%| O|  |TAMS 0x0000000080500000| PB 0x0000000080500000| Untracked |  0
|   6|0x0000000080600000, 0x0000000080700000, 0x0000000080700000|100%|HS|  |TAMS 0x0000000080600000| PB 0x0000000080600000| Complete |  0
|   7|0x0000000080700000, 0x0000000080800000, 0x0000000080800000|100%| O|  |TAMS 0x0000000080700000| PB 0x0000000080700000| Untracked |  0
|   8|0x0000000080800000, 0x0000000080900000, 0x0000000080900000|100%| O|  |TAMS 0x0000000080800000| PB 0x0000000080800000| Untracked |  0
|   9|0x0000000080900000, 0x0000000080a00000, 0x0000000080a00000|100%| O|  |TAMS 0x0000000080900000| PB 0x0000000080900000| Untracked |  0
|  10|0x0000000080a00000, 0x0000000080b00000, 0x0000000080b00000|100%| O|  |TAMS 0x0000000080a00000| PB 0x0000000080a00000| Untracked |  0
|  11|0x0000000080b00000, 0x0000000080c00000, 0x0000000080c00000|100%| O|  |TAMS 0x0000000080b00000| PB 0x0000000080b00000| Untracked |  0
|  12|0x0000000080c00000, 0x0000000080d00000, 0x0000000080d00000|100%| O|  |TAMS 0x0000000080c00000| PB 0x0000000080c00000| Untracked |  0
|  13|0x0000000080d00000, 0x0000000080e00000, 0x0000000080e00000|100%| O|  |TAMS 0x0000000080d00000| PB 0x0000000080d00000| Untracked |  0
|  14|0x0000000080e00000, 0x0000000080f00000, 0x0000000080f00000|100%| O|  |TAMS 0x0000000080e00000| PB 0x0000000080e00000| Untracked |  0
|  15|0x0000000080f00000, 0x0000000081000000, 0x0000000081000000|100%| O|  |TAMS 0x0000000080f00000| PB 0x0000000080f00000| Untracked |  0
|  16|0x0000000081000000, 0x0000000081100000, 0x0000000081100000|100%| O|  |TAMS 0x0000000081000000| PB 0x0000000081000000| Untracked |  0
|  17|0x0000000081100000, 0x0000000081200000, 0x0000000081200000|100%| O|  |TAMS 0x0000000081100000| PB 0x0000000081100000| Untracked |  0
|  18|0x0000000081200000, 0x0000000081300000, 0x0000000081300000|100%| O|  |TAMS 0x0000000081200000| PB 0x0000000081200000| Untracked |  0
|  19|0x0000000081300000, 0x0000000081400000, 0x0000000081400000|100%| O|  |TAMS 0x0000000081300000| PB 0x0000000081300000| Untracked |  0
|  20|0x0000000081400000, 0x0000000081500000, 0x0000000081500000|100%| O|  |TAMS 0x0000000081400000| PB 0x0000000081400000| Untracked |  0
|  21|0x0000000081500000, 0x0000000081600000, 0x0000000081600000|100%| O|  |TAMS 0x0000000081500000| PB 0x0000000081500000| Untracked |  0
|  22|0x0000000081600000, 0x0000000081700000, 0x0000000081700000|100%| O|  |TAMS 0x0000000081600000| PB 0x0000000081600000| Untracked |  0
|  23|0x0000000081700000, 0x0000000081800000, 0x0000000081800000|100%| O|  |TAMS 0x0000000081700000| PB 0x0000000081700000| Untracked |  0
|  24|0x0000000081800000, 0x0000000081900000, 0x0000000081900000|100%| O|  |TAMS 0x0000000081800000| PB 0x0000000081800000| Untracked |  0
|  25|0x0000000081900000, 0x0000000081a00000, 0x0000000081a00000|100%| O|  |TAMS 0x0000000081900000| PB 0x0000000081900000| Untracked |  0
|  26|0x0000000081a00000, 0x0000000081b00000, 0x0000000081b00000|100%| O|  |TAMS 0x0000000081a00000| PB 0x0000000081a00000| Untracked |  0
|  27|0x0000000081b00000, 0x0000000081c00000, 0x0000000081c00000|100%| O|  |TAMS 0x0000000081b00000| PB 0x0000000081b00000| Untracked |  0
|  28|0x0000000081c00000, 0x0000000081d00000, 0x0000000081d00000|100%| O|  |TAMS 0x0000000081c00000| PB 0x0000000081c00000| Untracked |  0
|  29|0x0000000081d00000, 0x0000000081e00000, 0x0000000081e00000|100%| O|  |TAMS 0x0000000081d00000| PB 0x0000000081d00000| Untracked |  0
|  30|0x0000000081e00000, 0x0000000081f00000, 0x0000000081f00000|100%| O|  |TAMS 0x0000000081e00000| PB 0x0000000081e00000| Untracked |  0
|  31|0x0000000081f00000, 0x0000000082000000, 0x0000000082000000|100%| O|  |TAMS 0x0000000081f00000| PB 0x0000000081f00000| Untracked |  0
|  32|0x0000000082000000, 0x0000000082100000, 0x0000000082100000|100%|HS|  |TAMS 0x0000000082000000| PB 0x0000000082000000| Complete |  0
|  33|0x0000000082100000, 0x0000000082200000, 0x0000000082200000|100%|HS|  |TAMS 0x0000000082100000| PB 0x0000000082100000| Complete |  0
|  34|0x0000000082200000, 0x0000000082300000, 0x0000000082300000|100%|HS|  |TAMS 0x0000000082200000| PB 0x0000000082200000| Complete |  0
|  35|0x0000000082300000, 0x0000000082400000, 0x0000000082400000|100%|HC|  |TAMS 0x0000000082300000| PB 0x0000000082300000| Complete |  0
|  36|0x0000000082400000, 0x0000000082500000, 0x0000000082500000|100%| O|  |TAMS 0x0000000082400000| PB 0x0000000082400000| Untracked |  0
|  37|0x0000000082500000, 0x0000000082600000, 0x0000000082600000|100%| O|  |TAMS 0x0000000082500000| PB 0x0000000082500000| Untracked |  0
|  38|0x0000000082600000, 0x0000000082700000, 0x0000000082700000|100%| O|  |TAMS 0x0000000082600000| PB 0x0000000082600000| Untracked |  0
|  39|0x0000000082700000, 0x0000000082800000, 0x0000000082800000|100%| O|  |TAMS 0x0000000082700000| PB 0x0000000082700000| Untracked |  0
|  40|0x0000000082800000, 0x0000000082900000, 0x0000000082900000|100%|HS|  |TAMS 0x0000000082800000| PB 0x0000000082800000| Complete |  0
|  41|0x0000000082900000, 0x0000000082a00000, 0x0000000082a00000|100%| O|  |TAMS 0x0000000082900000| PB 0x0000000082900000| Untracked |  0
|  42|0x0000000082a00000, 0x0000000082b00000, 0x0000000082b00000|100%| O|  |TAMS 0x0000000082a00000| PB 0x0000000082a00000| Untracked |  0
|  43|0x0000000082b00000, 0x0000000082c00000, 0x0000000082c00000|100%| O|  |TAMS 0x0000000082b00000| PB 0x0000000082b00000| Untracked |  0
|  44|0x0000000082c00000, 0x0000000082d00000, 0x0000000082d00000|100%|HS|  |TAMS 0x0000000082c00000| PB 0x0000000082c00000| Complete |  0
|  45|0x0000000082d00000, 0x0000000082e00000, 0x0000000082e00000|100%|HS|  |TAMS 0x0000000082d00000| PB 0x0000000082d00000| Complete |  0
|  46|0x0000000082e00000, 0x0000000082f00000, 0x0000000082f00000|100%| O|  |TAMS 0x0000000082e00000| PB 0x0000000082e00000| Untracked |  0
|  47|0x0000000082f00000, 0x0000000083000000, 0x0000000083000000|100%| O|  |TAMS 0x0000000082f00000| PB 0x0000000082f00000| Untracked |  0
|  48|0x0000000083000000, 0x0000000083100000, 0x0000000083100000|100%|HS|  |TAMS 0x0000000083000000| PB 0x0000000083000000| Complete |  0
|  49|0x0000000083100000, 0x0000000083200000, 0x0000000083200000|100%|HS|  |TAMS 0x0000000083100000| PB 0x0000000083100000| Complete |  0
|  50|0x0000000083200000, 0x0000000083300000, 0x0000000083300000|100%|HS|  |TAMS 0x0000000083200000| PB 0x0000000083200000| Complete |  0
|  51|0x0000000083300000, 0x0000000083400000, 0x0000000083400000|100%| O|  |TAMS 0x0000000083300000| PB 0x0000000083300000| Untracked |  0
|  52|0x0000000083400000, 0x0000000083500000, 0x0000000083500000|100%| O|  |TAMS 0x0000000083400000| PB 0x0000000083400000| Untracked |  0
|  53|0x0000000083500000, 0x0000000083600000, 0x0000000083600000|100%|HS|  |TAMS 0x0000000083500000| PB 0x0000000083500000| Complete |  0
|  54|0x0000000083600000, 0x0000000083700000, 0x0000000083700000|100%|HC|  |TAMS 0x0000000083600000| PB 0x0000000083600000| Complete |  0
|  55|0x0000000083700000, 0x0000000083800000, 0x0000000083800000|100%| O|  |TAMS 0x0000000083700000| PB 0x0000000083700000| Untracked |  0
|  56|0x0000000083800000, 0x0000000083900000, 0x0000000083900000|100%| O|  |TAMS 0x0000000083800000| PB 0x0000000083800000| Untracked |  0
|  57|0x0000000083900000, 0x0000000083a00000, 0x0000000083a00000|100%| O|  |TAMS 0x0000000083900000| PB 0x0000000083900000| Untracked |  0
|  58|0x0000000083a00000, 0x0000000083b00000, 0x0000000083b00000|100%| O|  |TAMS 0x0000000083a00000| PB 0x0000000083a00000| Untracked |  0
|  59|0x0000000083b00000, 0x0000000083c00000, 0x0000000083c00000|100%| O|  |TAMS 0x0000000083b00000| PB 0x0000000083b00000| Untracked |  0
|  60|0x0000000083c00000, 0x0000000083d00000, 0x0000000083d00000|100%|HS|  |TAMS 0x0000000083c00000| PB 0x0000000083c00000| Complete |  0
|  61|0x0000000083d00000, 0x0000000083e00000, 0x0000000083e00000|100%| O|  |TAMS 0x0000000083d00000| PB 0x0000000083d00000| Untracked |  0
|  62|0x0000000083e00000, 0x0000000083f00000, 0x0000000083f00000|100%| O|  |TAMS 0x0000000083e00000| PB 0x0000000083e00000| Untracked |  0
|  63|0x0000000083f00000, 0x0000000084000000, 0x0000000084000000|100%| O|  |TAMS 0x0000000083f00000| PB 0x0000000083f00000| Untracked |  0
|  64|0x0000000084000000, 0x0000000084100000, 0x0000000084100000|100%| O|  |TAMS 0x0000000084000000| PB 0x0000000084000000| Untracked |  0
|  65|0x0000000084100000, 0x0000000084200000, 0x0000000084200000|100%| O|  |TAMS 0x0000000084100000| PB 0x0000000084100000| Untracked |  0
|  66|0x0000000084200000, 0x0000000084300000, 0x0000000084300000|100%| O|  |TAMS 0x0000000084200000| PB 0x0000000084200000| Untracked |  0
|  67|0x0000000084300000, 0x0000000084400000, 0x0000000084400000|100%| O|  |TAMS 0x0000000084300000| PB 0x0000000084300000| Untracked |  0
|  68|0x0000000084400000, 0x0000000084500000, 0x0000000084500000|100%| O|  |TAMS 0x0000000084400000| PB 0x0000000084400000| Untracked |  0
|  69|0x0000000084500000, 0x0000000084600000, 0x0000000084600000|100%| O|  |TAMS 0x0000000084500000| PB 0x0000000084500000| Untracked |  0
|  70|0x0000000084600000, 0x0000000084700000, 0x0000000084700000|100%| O|  |TAMS 0x0000000084600000| PB 0x0000000084600000| Untracked |  0
|  71|0x0000000084700000, 0x0000000084800000, 0x0000000084800000|100%| O|  |TAMS 0x0000000084700000| PB 0x0000000084700000| Untracked |  0
|  72|0x0000000084800000, 0x0000000084900000, 0x0000000084900000|100%| O|  |TAMS 0x0000000084800000| PB 0x0000000084800000| Untracked |  0
|  73|0x0000000084900000, 0x0000000084a00000, 0x0000000084a00000|100%| O|  |TAMS 0x0000000084900000| PB 0x0000000084900000| Untracked |  0
|  74|0x0000000084a00000, 0x0000000084b00000, 0x0000000084b00000|100%| O|  |TAMS 0x0000000084a00000| PB 0x0000000084a00000| Untracked |  0
|  75|0x0000000084b00000, 0x0000000084c00000, 0x0000000084c00000|100%| O|  |TAMS 0x0000000084b00000| PB 0x0000000084b00000| Untracked |  0
|  76|0x0000000084c00000, 0x0000000084d00000, 0x0000000084d00000|100%| O|  |TAMS 0x0000000084c00000| PB 0x0000000084c00000| Untracked |  0
|  77|0x0000000084d00000, 0x0000000084e00000, 0x0000000084e00000|100%| O|  |TAMS 0x0000000084d00000| PB 0x0000000084d00000| Untracked |  0
|  78|0x0000000084e00000, 0x0000000084f00000, 0x0000000084f00000|100%| O|  |TAMS 0x0000000084e00000| PB 0x0000000084e00000| Untracked |  0
|  79|0x0000000084f00000, 0x0000000085000000, 0x0000000085000000|100%| O|  |TAMS 0x0000000084f00000| PB 0x0000000084f00000| Untracked |  0
|  80|0x0000000085000000, 0x0000000085100000, 0x0000000085100000|100%| O|  |TAMS 0x0000000085000000| PB 0x0000000085000000| Untracked |  0
|  81|0x0000000085100000, 0x0000000085200000, 0x0000000085200000|100%| O|  |TAMS 0x0000000085100000| PB 0x0000000085100000| Untracked |  0
|  82|0x0000000085200000, 0x0000000085300000, 0x0000000085300000|100%| O|  |TAMS 0x0000000085200000| PB 0x0000000085200000| Untracked |  0
|  83|0x0000000085300000, 0x0000000085400000, 0x0000000085400000|100%| O|  |TAMS 0x0000000085300000| PB 0x0000000085300000| Untracked |  0
|  84|0x0000000085400000, 0x0000000085500000, 0x0000000085500000|100%| O|  |TAMS 0x0000000085400000| PB 0x0000000085400000| Untracked |  0
|  85|0x0000000085500000, 0x0000000085600000, 0x0000000085600000|100%| O|  |TAMS 0x0000000085500000| PB 0x0000000085500000| Untracked |  0
|  86|0x0000000085600000, 0x0000000085700000, 0x0000000085700000|100%| O|  |TAMS 0x0000000085600000| PB 0x0000000085600000| Untracked |  0
|  87|0x0000000085700000, 0x0000000085800000, 0x0000000085800000|100%| O|  |TAMS 0x0000000085700000| PB 0x0000000085700000| Untracked |  0
|  88|0x0000000085800000, 0x0000000085900000, 0x0000000085900000|100%| O|  |TAMS 0x0000000085800000| PB 0x0000000085800000| Untracked |  0
|  89|0x0000000085900000, 0x0000000085a00000, 0x0000000085a00000|100%| O|  |TAMS 0x0000000085900000| PB 0x0000000085900000| Untracked |  0
|  90|0x0000000085a00000, 0x0000000085b00000, 0x0000000085b00000|100%| O|  |TAMS 0x0000000085a00000| PB 0x0000000085a00000| Untracked |  0
|  91|0x0000000085b00000, 0x0000000085c00000, 0x0000000085c00000|100%| O|  |TAMS 0x0000000085b00000| PB 0x0000000085b00000| Untracked |  0
|  92|0x0000000085c00000, 0x0000000085c00000, 0x0000000085d00000|  0%| F|  |TAMS 0x0000000085c00000| PB 0x0000000085c00000| Untracked |  0
|  93|0x0000000085d00000, 0x0000000085e00000, 0x0000000085e00000|100%| O|  |TAMS 0x0000000085d00000| PB 0x0000000085d00000| Untracked |  0
|  94|0x0000000085e00000, 0x0000000085f00000, 0x0000000085f00000|100%| O|  |TAMS 0x0000000085e00000| PB 0x0000000085e00000| Untracked |  0
|  95|0x0000000085f00000, 0x0000000086000000, 0x0000000086000000|100%| O|  |TAMS 0x0000000085f00000| PB 0x0000000085f00000| Untracked |  0
|  96|0x0000000086000000, 0x0000000086100000, 0x0000000086100000|100%| O|  |TAMS 0x0000000086000000| PB 0x0000000086000000| Untracked |  0
|  97|0x0000000086100000, 0x0000000086200000, 0x0000000086200000|100%| O|  |TAMS 0x0000000086100000| PB 0x0000000086100000| Untracked |  0
|  98|0x0000000086200000, 0x0000000086300000, 0x0000000086300000|100%| O|  |TAMS 0x0000000086200000| PB 0x0000000086200000| Untracked |  0
|  99|0x0000000086300000, 0x0000000086400000, 0x0000000086400000|100%| O|  |TAMS 0x0000000086300000| PB 0x0000000086300000| Untracked |  0
| 100|0x0000000086400000, 0x0000000086500000, 0x0000000086500000|100%|HS|  |TAMS 0x0000000086400000| PB 0x0000000086400000| Complete |  0
| 101|0x0000000086500000, 0x0000000086600000, 0x0000000086600000|100%|HC|  |TAMS 0x0000000086500000| PB 0x0000000086500000| Complete |  0
| 102|0x0000000086600000, 0x0000000086700000, 0x0000000086700000|100%|HS|  |TAMS 0x0000000086600000| PB 0x0000000086600000| Complete |  0
| 103|0x0000000086700000, 0x0000000086800000, 0x0000000086800000|100%|HC|  |TAMS 0x0000000086700000| PB 0x0000000086700000| Complete |  0
| 104|0x0000000086800000, 0x0000000086900000, 0x0000000086900000|100%|HC|  |TAMS 0x0000000086800000| PB 0x0000000086800000| Complete |  0
| 105|0x0000000086900000, 0x0000000086a00000, 0x0000000086a00000|100%| O|Cm|TAMS 0x0000000086900000| PB 0x0000000086900000| Complete |  0
| 106|0x0000000086a00000, 0x0000000086b00000, 0x0000000086b00000|100%| O|Cm|TAMS 0x0000000086a00000| PB 0x0000000086a00000| Complete |  0
| 107|0x0000000086b00000, 0x0000000086c00000, 0x0000000086c00000|100%| O|Cm|TAMS 0x0000000086b00000| PB 0x0000000086b00000| Complete |  0
| 108|0x0000000086c00000, 0x0000000086d00000, 0x0000000086d00000|100%| O|  |TAMS 0x0000000086c00000| PB 0x0000000086c00000| Untracked |  0
| 109|0x0000000086d00000, 0x0000000086e00000, 0x0000000086e00000|100%| O|  |TAMS 0x0000000086d00000| PB 0x0000000086d00000| Untracked |  0
| 110|0x0000000086e00000, 0x0000000086f00000, 0x0000000086f00000|100%| O|  |TAMS 0x0000000086e00000| PB 0x0000000086e00000| Untracked |  0
| 111|0x0000000086f00000, 0x0000000087000000, 0x0000000087000000|100%| O|  |TAMS 0x0000000086f00000| PB 0x0000000086f00000| Untracked |  0
| 112|0x0000000087000000, 0x0000000087100000, 0x0000000087100000|100%| O|  |TAMS 0x0000000087000000| PB 0x0000000087000000| Untracked |  0
| 113|0x0000000087100000, 0x0000000087200000, 0x0000000087200000|100%| O|  |TAMS 0x0000000087100000| PB 0x0000000087100000| Untracked |  0
| 114|0x0000000087200000, 0x0000000087300000, 0x0000000087300000|100%| O|  |TAMS 0x0000000087200000| PB 0x0000000087200000| Untracked |  0
| 115|0x0000000087300000, 0x0000000087400000, 0x0000000087400000|100%| O|  |TAMS 0x0000000087300000| PB 0x0000000087300000| Untracked |  0
| 116|0x0000000087400000, 0x0000000087500000, 0x0000000087500000|100%| O|  |TAMS 0x0000000087400000| PB 0x0000000087400000| Untracked |  0
| 117|0x0000000087500000, 0x0000000087600000, 0x0000000087600000|100%| O|  |TAMS 0x0000000087500000| PB 0x0000000087500000| Untracked |  0
| 118|0x0000000087600000, 0x0000000087700000, 0x0000000087700000|100%| O|  |TAMS 0x0000000087600000| PB 0x0000000087600000| Untracked |  0
| 119|0x0000000087700000, 0x0000000087800000, 0x0000000087800000|100%| O|  |TAMS 0x0000000087700000| PB 0x0000000087700000| Untracked |  0
| 120|0x0000000087800000, 0x0000000087900000, 0x0000000087900000|100%| O|  |TAMS 0x0000000087800000| PB 0x0000000087800000| Untracked |  0
| 121|0x0000000087900000, 0x0000000087a00000, 0x0000000087a00000|100%| O|  |TAMS 0x0000000087900000| PB 0x0000000087900000| Untracked |  0
| 122|0x0000000087a00000, 0x0000000087b00000, 0x0000000087b00000|100%| O|  |TAMS 0x0000000087a00000| PB 0x0000000087a00000| Untracked |  0
| 123|0x0000000087b00000, 0x0000000087c00000, 0x0000000087c00000|100%| O|  |TAMS 0x0000000087b00000| PB 0x0000000087b00000| Untracked |  0
| 124|0x0000000087c00000, 0x0000000087d00000, 0x0000000087d00000|100%| O|  |TAMS 0x0000000087c00000| PB 0x0000000087c00000| Untracked |  0
| 125|0x0000000087d00000, 0x0000000087e00000, 0x0000000087e00000|100%| O|  |TAMS 0x0000000087d00000| PB 0x0000000087d00000| Untracked |  0
| 126|0x0000000087e00000, 0x0000000087f00000, 0x0000000087f00000|100%| O|  |TAMS 0x0000000087e00000| PB 0x0000000087e00000| Untracked |  0
| 127|0x0000000087f00000, 0x0000000088000000, 0x0000000088000000|100%| O|  |TAMS 0x0000000087f00000| PB 0x0000000087f00000| Untracked |  0
| 128|0x0000000088000000, 0x0000000088100000, 0x0000000088100000|100%| O|  |TAMS 0x0000000088000000| PB 0x0000000088000000| Untracked |  0
| 129|0x0000000088100000, 0x0000000088200000, 0x0000000088200000|100%| O|  |TAMS 0x0000000088100000| PB 0x0000000088100000| Untracked |  0
| 130|0x0000000088200000, 0x0000000088300000, 0x0000000088300000|100%| O|  |TAMS 0x0000000088200000| PB 0x0000000088200000| Untracked |  0
| 131|0x0000000088300000, 0x0000000088400000, 0x0000000088400000|100%| O|  |TAMS 0x0000000088300000| PB 0x0000000088300000| Untracked |  0
| 132|0x0000000088400000, 0x0000000088500000, 0x0000000088500000|100%| O|  |TAMS 0x0000000088400000| PB 0x0000000088400000| Untracked |  0
| 133|0x0000000088500000, 0x0000000088600000, 0x0000000088600000|100%| O|  |TAMS 0x0000000088500000| PB 0x0000000088500000| Untracked |  0
| 134|0x0000000088600000, 0x0000000088700000, 0x0000000088700000|100%| O|  |TAMS 0x0000000088600000| PB 0x0000000088600000| Untracked |  0
| 135|0x0000000088700000, 0x0000000088800000, 0x0000000088800000|100%| O|  |TAMS 0x0000000088700000| PB 0x0000000088700000| Untracked |  0
| 136|0x0000000088800000, 0x0000000088900000, 0x0000000088900000|100%| O|Cm|TAMS 0x0000000088800000| PB 0x0000000088800000| Complete |  0
| 137|0x0000000088900000, 0x0000000088900000, 0x0000000088a00000|  0%| F|  |TAMS 0x0000000088900000| PB 0x0000000088900000| Untracked |  0
| 138|0x0000000088a00000, 0x0000000088b00000, 0x0000000088b00000|100%| O|  |TAMS 0x0000000088a00000| PB 0x0000000088a00000| Untracked |  0
| 139|0x0000000088b00000, 0x0000000088c00000, 0x0000000088c00000|100%| O|  |TAMS 0x0000000088b00000| PB 0x0000000088b00000| Untracked |  0
| 140|0x0000000088c00000, 0x0000000088d00000, 0x0000000088d00000|100%| O|Cm|TAMS 0x0000000088c00000| PB 0x0000000088c00000| Complete |  0
| 141|0x0000000088d00000, 0x0000000088e00000, 0x0000000088e00000|100%| O|  |TAMS 0x0000000088d00000| PB 0x0000000088d00000| Untracked |  0
| 142|0x0000000088e00000, 0x0000000088f00000, 0x0000000088f00000|100%| O|  |TAMS 0x0000000088e00000| PB 0x0000000088e00000| Untracked |  0
| 143|0x0000000088f00000, 0x0000000088f8abf0, 0x0000000089000000| 54%| O|  |TAMS 0x0000000088f00000| PB 0x0000000088f00000| Untracked |  0
| 144|0x0000000089000000, 0x0000000089000000, 0x0000000089100000|  0%| F|  |TAMS 0x0000000089000000| PB 0x0000000089000000| Untracked |  0
| 145|0x0000000089100000, 0x0000000089100000, 0x0000000089200000|  0%| F|  |TAMS 0x0000000089100000| PB 0x0000000089100000| Untracked |  0
| 146|0x0000000089200000, 0x0000000089200000, 0x0000000089300000|  0%| F|  |TAMS 0x0000000089200000| PB 0x0000000089200000| Untracked |  0
| 147|0x0000000089300000, 0x0000000089300000, 0x0000000089400000|  0%| F|  |TAMS 0x0000000089300000| PB 0x0000000089300000| Untracked |  0
| 148|0x0000000089400000, 0x0000000089400000, 0x0000000089500000|  0%| F|  |TAMS 0x0000000089400000| PB 0x0000000089400000| Untracked |  0
| 149|0x0000000089500000, 0x0000000089500000, 0x0000000089600000|  0%| F|  |TAMS 0x0000000089500000| PB 0x0000000089500000| Untracked |  0
| 150|0x0000000089600000, 0x0000000089700000, 0x0000000089700000|100%| O|  |TAMS 0x0000000089600000| PB 0x0000000089600000| Untracked |  0
| 151|0x0000000089700000, 0x0000000089700000, 0x0000000089800000|  0%| F|  |TAMS 0x0000000089700000| PB 0x0000000089700000| Untracked |  0
| 152|0x0000000089800000, 0x0000000089800000, 0x0000000089900000|  0%| F|  |TAMS 0x0000000089800000| PB 0x0000000089800000| Untracked |  0
| 153|0x0000000089900000, 0x0000000089900000, 0x0000000089a00000|  0%| F|  |TAMS 0x0000000089900000| PB 0x0000000089900000| Untracked |  0
| 154|0x0000000089a00000, 0x0000000089a00000, 0x0000000089b00000|  0%| F|  |TAMS 0x0000000089a00000| PB 0x0000000089a00000| Untracked |  0
| 155|0x0000000089b00000, 0x0000000089b88048, 0x0000000089c00000| 53%| S|CS|TAMS 0x0000000089b00000| PB 0x0000000089b00000| Complete |  0
| 156|0x0000000089c00000, 0x0000000089d00000, 0x0000000089d00000|100%| S|CS|TAMS 0x0000000089c00000| PB 0x0000000089c00000| Complete |  0
| 157|0x0000000089d00000, 0x0000000089e00000, 0x0000000089e00000|100%| S|CS|TAMS 0x0000000089d00000| PB 0x0000000089d00000| Complete |  0
| 158|0x0000000089e00000, 0x0000000089f00000, 0x0000000089f00000|100%| S|CS|TAMS 0x0000000089e00000| PB 0x0000000089e00000| Complete |  0
| 159|0x0000000089f00000, 0x000000008a000000, 0x000000008a000000|100%| S|CS|TAMS 0x0000000089f00000| PB 0x0000000089f00000| Complete |  0
| 160|0x000000008a000000, 0x000000008a100000, 0x000000008a100000|100%| S|CS|TAMS 0x000000008a000000| PB 0x000000008a000000| Complete |  0
| 161|0x000000008a100000, 0x000000008a200000, 0x000000008a200000|100%| S|CS|TAMS 0x000000008a100000| PB 0x000000008a100000| Complete |  0
| 162|0x000000008a200000, 0x000000008a300000, 0x000000008a300000|100%| S|CS|TAMS 0x000000008a200000| PB 0x000000008a200000| Complete |  0
| 163|0x000000008a300000, 0x000000008a300000, 0x000000008a400000|  0%| F|  |TAMS 0x000000008a300000| PB 0x000000008a300000| Untracked |  0
| 164|0x000000008a400000, 0x000000008a400000, 0x000000008a500000|  0%| F|  |TAMS 0x000000008a400000| PB 0x000000008a400000| Untracked |  0
| 165|0x000000008a500000, 0x000000008a500000, 0x000000008a600000|  0%| F|  |TAMS 0x000000008a500000| PB 0x000000008a500000| Untracked |  0
| 166|0x000000008a600000, 0x000000008a600000, 0x000000008a700000|  0%| F|  |TAMS 0x000000008a600000| PB 0x000000008a600000| Untracked |  0
| 167|0x000000008a700000, 0x000000008a700000, 0x000000008a800000|  0%| F|  |TAMS 0x000000008a700000| PB 0x000000008a700000| Untracked |  0
| 168|0x000000008a800000, 0x000000008a800000, 0x000000008a900000|  0%| F|  |TAMS 0x000000008a800000| PB 0x000000008a800000| Untracked |  0
| 169|0x000000008a900000, 0x000000008a900000, 0x000000008aa00000|  0%| F|  |TAMS 0x000000008a900000| PB 0x000000008a900000| Untracked |  0
| 170|0x000000008aa00000, 0x000000008aa00000, 0x000000008ab00000|  0%| F|  |TAMS 0x000000008aa00000| PB 0x000000008aa00000| Untracked |  0
| 171|0x000000008ab00000, 0x000000008ab00000, 0x000000008ac00000|  0%| F|  |TAMS 0x000000008ab00000| PB 0x000000008ab00000| Untracked |  0
| 172|0x000000008ac00000, 0x000000008ac00000, 0x000000008ad00000|  0%| F|  |TAMS 0x000000008ac00000| PB 0x000000008ac00000| Untracked |  0
| 173|0x000000008ad00000, 0x000000008ad00000, 0x000000008ae00000|  0%| F|  |TAMS 0x000000008ad00000| PB 0x000000008ad00000| Untracked |  0
| 174|0x000000008ae00000, 0x000000008ae00000, 0x000000008af00000|  0%| F|  |TAMS 0x000000008ae00000| PB 0x000000008ae00000| Untracked |  0
| 175|0x000000008af00000, 0x000000008af00000, 0x000000008b000000|  0%| F|  |TAMS 0x000000008af00000| PB 0x000000008af00000| Untracked |  0
| 176|0x000000008b000000, 0x000000008b000000, 0x000000008b100000|  0%| F|  |TAMS 0x000000008b000000| PB 0x000000008b000000| Untracked |  0
| 177|0x000000008b100000, 0x000000008b100000, 0x000000008b200000|  0%| F|  |TAMS 0x000000008b100000| PB 0x000000008b100000| Untracked |  0
| 178|0x000000008b200000, 0x000000008b200000, 0x000000008b300000|  0%| F|  |TAMS 0x000000008b200000| PB 0x000000008b200000| Untracked |  0
| 179|0x000000008b300000, 0x000000008b300000, 0x000000008b400000|  0%| F|  |TAMS 0x000000008b300000| PB 0x000000008b300000| Untracked |  0
| 180|0x000000008b400000, 0x000000008b400000, 0x000000008b500000|  0%| F|  |TAMS 0x000000008b400000| PB 0x000000008b400000| Untracked |  0
| 181|0x000000008b500000, 0x000000008b500000, 0x000000008b600000|  0%| F|  |TAMS 0x000000008b500000| PB 0x000000008b500000| Untracked |  0
| 182|0x000000008b600000, 0x000000008b600000, 0x000000008b700000|  0%| F|  |TAMS 0x000000008b600000| PB 0x000000008b600000| Untracked |  0
| 183|0x000000008b700000, 0x000000008b700000, 0x000000008b800000|  0%| F|  |TAMS 0x000000008b700000| PB 0x000000008b700000| Untracked |  0
| 184|0x000000008b800000, 0x000000008b800000, 0x000000008b900000|  0%| F|  |TAMS 0x000000008b800000| PB 0x000000008b800000| Untracked |  0
| 185|0x000000008b900000, 0x000000008b900000, 0x000000008ba00000|  0%| F|  |TAMS 0x000000008b900000| PB 0x000000008b900000| Untracked |  0
| 186|0x000000008ba00000, 0x000000008ba00000, 0x000000008bb00000|  0%| F|  |TAMS 0x000000008ba00000| PB 0x000000008ba00000| Untracked |  0
| 187|0x000000008bb00000, 0x000000008bb00000, 0x000000008bc00000|  0%| F|  |TAMS 0x000000008bb00000| PB 0x000000008bb00000| Untracked |  0
| 188|0x000000008bc00000, 0x000000008bc00000, 0x000000008bd00000|  0%| F|  |TAMS 0x000000008bc00000| PB 0x000000008bc00000| Untracked |  0
| 189|0x000000008bd00000, 0x000000008bd00000, 0x000000008be00000|  0%| F|  |TAMS 0x000000008bd00000| PB 0x000000008bd00000| Untracked |  0
| 190|0x000000008be00000, 0x000000008be00000, 0x000000008bf00000|  0%| F|  |TAMS 0x000000008be00000| PB 0x000000008be00000| Untracked |  0
| 191|0x000000008bf00000, 0x000000008bf00000, 0x000000008c000000|  0%| F|  |TAMS 0x000000008bf00000| PB 0x000000008bf00000| Untracked |  0
| 192|0x000000008c000000, 0x000000008c000000, 0x000000008c100000|  0%| F|  |TAMS 0x000000008c000000| PB 0x000000008c000000| Untracked |  0
| 193|0x000000008c100000, 0x000000008c100000, 0x000000008c200000|  0%| F|  |TAMS 0x000000008c100000| PB 0x000000008c100000| Untracked |  0
| 194|0x000000008c200000, 0x000000008c200000, 0x000000008c300000|  0%| F|  |TAMS 0x000000008c200000| PB 0x000000008c200000| Untracked |  0
| 195|0x000000008c300000, 0x000000008c300000, 0x000000008c400000|  0%| F|  |TAMS 0x000000008c300000| PB 0x000000008c300000| Untracked |  0
| 196|0x000000008c400000, 0x000000008c400000, 0x000000008c500000|  0%| F|  |TAMS 0x000000008c400000| PB 0x000000008c400000| Untracked |  0
| 197|0x000000008c500000, 0x000000008c500000, 0x000000008c600000|  0%| F|  |TAMS 0x000000008c500000| PB 0x000000008c500000| Untracked |  0
| 198|0x000000008c600000, 0x000000008c600000, 0x000000008c700000|  0%| F|  |TAMS 0x000000008c600000| PB 0x000000008c600000| Untracked |  0
| 199|0x000000008c700000, 0x000000008c700000, 0x000000008c800000|  0%| F|  |TAMS 0x000000008c700000| PB 0x000000008c700000| Untracked |  0
| 200|0x000000008c800000, 0x000000008c800000, 0x000000008c900000|  0%| F|  |TAMS 0x000000008c800000| PB 0x000000008c800000| Untracked |  0
| 201|0x000000008c900000, 0x000000008c900000, 0x000000008ca00000|  0%| F|  |TAMS 0x000000008c900000| PB 0x000000008c900000| Untracked |  0
| 202|0x000000008ca00000, 0x000000008ca00000, 0x000000008cb00000|  0%| F|  |TAMS 0x000000008ca00000| PB 0x000000008ca00000| Untracked |  0
| 203|0x000000008cb00000, 0x000000008cb00000, 0x000000008cc00000|  0%| F|  |TAMS 0x000000008cb00000| PB 0x000000008cb00000| Untracked |  0
| 204|0x000000008cc00000, 0x000000008cc00000, 0x000000008cd00000|  0%| F|  |TAMS 0x000000008cc00000| PB 0x000000008cc00000| Untracked |  0
| 205|0x000000008cd00000, 0x000000008cd00000, 0x000000008ce00000|  0%| F|  |TAMS 0x000000008cd00000| PB 0x000000008cd00000| Untracked |  0
| 206|0x000000008ce00000, 0x000000008ce00000, 0x000000008cf00000|  0%| F|  |TAMS 0x000000008ce00000| PB 0x000000008ce00000| Untracked |  0
| 207|0x000000008cf00000, 0x000000008cf00000, 0x000000008d000000|  0%| F|  |TAMS 0x000000008cf00000| PB 0x000000008cf00000| Untracked |  0
| 208|0x000000008d000000, 0x000000008d000000, 0x000000008d100000|  0%| F|  |TAMS 0x000000008d000000| PB 0x000000008d000000| Untracked |  0
| 209|0x000000008d100000, 0x000000008d100000, 0x000000008d200000|  0%| F|  |TAMS 0x000000008d100000| PB 0x000000008d100000| Untracked |  0
| 210|0x000000008d200000, 0x000000008d200000, 0x000000008d300000|  0%| F|  |TAMS 0x000000008d200000| PB 0x000000008d200000| Untracked |  0
| 211|0x000000008d300000, 0x000000008d300000, 0x000000008d400000|  0%| F|  |TAMS 0x000000008d300000| PB 0x000000008d300000| Untracked |  0
| 212|0x000000008d400000, 0x000000008d400000, 0x000000008d500000|  0%| F|  |TAMS 0x000000008d400000| PB 0x000000008d400000| Untracked |  0
| 213|0x000000008d500000, 0x000000008d500000, 0x000000008d600000|  0%| F|  |TAMS 0x000000008d500000| PB 0x000000008d500000| Untracked |  0
| 214|0x000000008d600000, 0x000000008d600000, 0x000000008d700000|  0%| F|  |TAMS 0x000000008d600000| PB 0x000000008d600000| Untracked |  0
| 215|0x000000008d700000, 0x000000008d700000, 0x000000008d800000|  0%| F|  |TAMS 0x000000008d700000| PB 0x000000008d700000| Untracked |  0
| 216|0x000000008d800000, 0x000000008d800000, 0x000000008d900000|  0%| F|  |TAMS 0x000000008d800000| PB 0x000000008d800000| Untracked |  0
| 217|0x000000008d900000, 0x000000008d900000, 0x000000008da00000|  0%| F|  |TAMS 0x000000008d900000| PB 0x000000008d900000| Untracked |  0
| 218|0x000000008da00000, 0x000000008da00000, 0x000000008db00000|  0%| F|  |TAMS 0x000000008da00000| PB 0x000000008da00000| Untracked |  0
| 219|0x000000008db00000, 0x000000008db00000, 0x000000008dc00000|  0%| F|  |TAMS 0x000000008db00000| PB 0x000000008db00000| Untracked |  0
| 220|0x000000008dc00000, 0x000000008dc00000, 0x000000008dd00000|  0%| F|  |TAMS 0x000000008dc00000| PB 0x000000008dc00000| Untracked |  0
| 221|0x000000008dd00000, 0x000000008dd00000, 0x000000008de00000|  0%| F|  |TAMS 0x000000008dd00000| PB 0x000000008dd00000| Untracked |  0
| 222|0x000000008de00000, 0x000000008de00000, 0x000000008df00000|  0%| F|  |TAMS 0x000000008de00000| PB 0x000000008de00000| Untracked |  0
| 223|0x000000008df00000, 0x000000008df00000, 0x000000008e000000|  0%| F|  |TAMS 0x000000008df00000| PB 0x000000008df00000| Untracked |  0
| 224|0x000000008e000000, 0x000000008e000000, 0x000000008e100000|  0%| F|  |TAMS 0x000000008e000000| PB 0x000000008e000000| Untracked |  0
| 225|0x000000008e100000, 0x000000008e100000, 0x000000008e200000|  0%| F|  |TAMS 0x000000008e100000| PB 0x000000008e100000| Untracked |  0
| 226|0x000000008e200000, 0x000000008e200000, 0x000000008e300000|  0%| F|  |TAMS 0x000000008e200000| PB 0x000000008e200000| Untracked |  0
| 227|0x000000008e300000, 0x000000008e300000, 0x000000008e400000|  0%| F|  |TAMS 0x000000008e300000| PB 0x000000008e300000| Untracked |  0
| 228|0x000000008e400000, 0x000000008e400000, 0x000000008e500000|  0%| F|  |TAMS 0x000000008e400000| PB 0x000000008e400000| Untracked |  0
| 229|0x000000008e500000, 0x000000008e500000, 0x000000008e600000|  0%| F|  |TAMS 0x000000008e500000| PB 0x000000008e500000| Untracked |  0
| 230|0x000000008e600000, 0x000000008e600000, 0x000000008e700000|  0%| F|  |TAMS 0x000000008e600000| PB 0x000000008e600000| Untracked |  0
| 231|0x000000008e700000, 0x000000008e700000, 0x000000008e800000|  0%| F|  |TAMS 0x000000008e700000| PB 0x000000008e700000| Untracked |  0
| 232|0x000000008e800000, 0x000000008e800000, 0x000000008e900000|  0%| F|  |TAMS 0x000000008e800000| PB 0x000000008e800000| Untracked |  0
| 233|0x000000008e900000, 0x000000008e900000, 0x000000008ea00000|  0%| F|  |TAMS 0x000000008e900000| PB 0x000000008e900000| Untracked |  0
| 234|0x000000008ea00000, 0x000000008ea00000, 0x000000008eb00000|  0%| F|  |TAMS 0x000000008ea00000| PB 0x000000008ea00000| Untracked |  0
| 235|0x000000008eb00000, 0x000000008eb00000, 0x000000008ec00000|  0%| F|  |TAMS 0x000000008eb00000| PB 0x000000008eb00000| Untracked |  0
| 236|0x000000008ec00000, 0x000000008ec00000, 0x000000008ed00000|  0%| F|  |TAMS 0x000000008ec00000| PB 0x000000008ec00000| Untracked |  0
| 237|0x000000008ed00000, 0x000000008ed00000, 0x000000008ee00000|  0%| F|  |TAMS 0x000000008ed00000| PB 0x000000008ed00000| Untracked |  0
| 238|0x000000008ee00000, 0x000000008ee00000, 0x000000008ef00000|  0%| F|  |TAMS 0x000000008ee00000| PB 0x000000008ee00000| Untracked |  0
| 239|0x000000008ef00000, 0x000000008ef00000, 0x000000008f000000|  0%| F|  |TAMS 0x000000008ef00000| PB 0x000000008ef00000| Untracked |  0
| 240|0x000000008f000000, 0x000000008f000000, 0x000000008f100000|  0%| F|  |TAMS 0x000000008f000000| PB 0x000000008f000000| Untracked |  0
| 241|0x000000008f100000, 0x000000008f100000, 0x000000008f200000|  0%| F|  |TAMS 0x000000008f100000| PB 0x000000008f100000| Untracked |  0
| 242|0x000000008f200000, 0x000000008f200000, 0x000000008f300000|  0%| F|  |TAMS 0x000000008f200000| PB 0x000000008f200000| Untracked |  0
| 243|0x000000008f300000, 0x000000008f300000, 0x000000008f400000|  0%| F|  |TAMS 0x000000008f300000| PB 0x000000008f300000| Untracked |  0
| 244|0x000000008f400000, 0x000000008f400000, 0x000000008f500000|  0%| F|  |TAMS 0x000000008f400000| PB 0x000000008f400000| Untracked |  0
| 245|0x000000008f500000, 0x000000008f500000, 0x000000008f600000|  0%| F|  |TAMS 0x000000008f500000| PB 0x000000008f500000| Untracked |  0
| 246|0x000000008f600000, 0x000000008f600000, 0x000000008f700000|  0%| F|  |TAMS 0x000000008f600000| PB 0x000000008f600000| Untracked |  0
| 247|0x000000008f700000, 0x000000008f700000, 0x000000008f800000|  0%| F|  |TAMS 0x000000008f700000| PB 0x000000008f700000| Untracked |  0
| 248|0x000000008f800000, 0x000000008f800000, 0x000000008f900000|  0%| F|  |TAMS 0x000000008f800000| PB 0x000000008f800000| Untracked |  0
| 249|0x000000008f900000, 0x000000008f900000, 0x000000008fa00000|  0%| F|  |TAMS 0x000000008f900000| PB 0x000000008f900000| Untracked |  0
| 250|0x000000008fa00000, 0x000000008fa00000, 0x000000008fb00000|  0%| F|  |TAMS 0x000000008fa00000| PB 0x000000008fa00000| Untracked |  0
| 251|0x000000008fb00000, 0x000000008fb00000, 0x000000008fc00000|  0%| F|  |TAMS 0x000000008fb00000| PB 0x000000008fb00000| Untracked |  0
| 252|0x000000008fc00000, 0x000000008fc00000, 0x000000008fd00000|  0%| F|  |TAMS 0x000000008fc00000| PB 0x000000008fc00000| Untracked |  0
| 253|0x000000008fd00000, 0x000000008fd00000, 0x000000008fe00000|  0%| F|  |TAMS 0x000000008fd00000| PB 0x000000008fd00000| Untracked |  0
| 254|0x000000008fe00000, 0x000000008fe00000, 0x000000008ff00000|  0%| F|  |TAMS 0x000000008fe00000| PB 0x000000008fe00000| Untracked |  0
| 255|0x000000008ff00000, 0x000000008ff00000, 0x0000000090000000|  0%| F|  |TAMS 0x000000008ff00000| PB 0x000000008ff00000| Untracked |  0
| 256|0x0000000090000000, 0x0000000090000000, 0x0000000090100000|  0%| F|  |TAMS 0x0000000090000000| PB 0x0000000090000000| Untracked |  0
| 257|0x0000000090100000, 0x0000000090100000, 0x0000000090200000|  0%| F|  |TAMS 0x0000000090100000| PB 0x0000000090100000| Untracked |  0
| 258|0x0000000090200000, 0x0000000090200000, 0x0000000090300000|  0%| F|  |TAMS 0x0000000090200000| PB 0x0000000090200000| Untracked |  0
| 259|0x0000000090300000, 0x0000000090300000, 0x0000000090400000|  0%| F|  |TAMS 0x0000000090300000| PB 0x0000000090300000| Untracked |  0
| 260|0x0000000090400000, 0x0000000090400000, 0x0000000090500000|  0%| F|  |TAMS 0x0000000090400000| PB 0x0000000090400000| Untracked |  0
| 261|0x0000000090500000, 0x0000000090500000, 0x0000000090600000|  0%| F|  |TAMS 0x0000000090500000| PB 0x0000000090500000| Untracked |  0
| 262|0x0000000090600000, 0x0000000090600000, 0x0000000090700000|  0%| F|  |TAMS 0x0000000090600000| PB 0x0000000090600000| Untracked |  0
| 263|0x0000000090700000, 0x0000000090700000, 0x0000000090800000|  0%| F|  |TAMS 0x0000000090700000| PB 0x0000000090700000| Untracked |  0
| 264|0x0000000090800000, 0x0000000090800000, 0x0000000090900000|  0%| F|  |TAMS 0x0000000090800000| PB 0x0000000090800000| Untracked |  0
| 265|0x0000000090900000, 0x0000000090900000, 0x0000000090a00000|  0%| F|  |TAMS 0x0000000090900000| PB 0x0000000090900000| Untracked |  0
| 266|0x0000000090a00000, 0x0000000090a00000, 0x0000000090b00000|  0%| F|  |TAMS 0x0000000090a00000| PB 0x0000000090a00000| Untracked |  0
| 267|0x0000000090b00000, 0x0000000090b00000, 0x0000000090c00000|  0%| F|  |TAMS 0x0000000090b00000| PB 0x0000000090b00000| Untracked |  0
| 268|0x0000000090c00000, 0x0000000090c00000, 0x0000000090d00000|  0%| F|  |TAMS 0x0000000090c00000| PB 0x0000000090c00000| Untracked |  0
| 269|0x0000000090d00000, 0x0000000090d00000, 0x0000000090e00000|  0%| F|  |TAMS 0x0000000090d00000| PB 0x0000000090d00000| Untracked |  0
| 270|0x0000000090e00000, 0x0000000090e00000, 0x0000000090f00000|  0%| F|  |TAMS 0x0000000090e00000| PB 0x0000000090e00000| Untracked |  0
| 271|0x0000000090f00000, 0x0000000090f00000, 0x0000000091000000|  0%| F|  |TAMS 0x0000000090f00000| PB 0x0000000090f00000| Untracked |  0
| 272|0x0000000091000000, 0x0000000091000000, 0x0000000091100000|  0%| F|  |TAMS 0x0000000091000000| PB 0x0000000091000000| Untracked |  0
| 273|0x0000000091100000, 0x0000000091100000, 0x0000000091200000|  0%| F|  |TAMS 0x0000000091100000| PB 0x0000000091100000| Untracked |  0
| 274|0x0000000091200000, 0x0000000091200000, 0x0000000091300000|  0%| F|  |TAMS 0x0000000091200000| PB 0x0000000091200000| Untracked |  0
| 275|0x0000000091300000, 0x0000000091300000, 0x0000000091400000|  0%| F|  |TAMS 0x0000000091300000| PB 0x0000000091300000| Untracked |  0
| 276|0x0000000091400000, 0x0000000091400000, 0x0000000091500000|  0%| F|  |TAMS 0x0000000091400000| PB 0x0000000091400000| Untracked |  0
| 277|0x0000000091500000, 0x0000000091500000, 0x0000000091600000|  0%| F|  |TAMS 0x0000000091500000| PB 0x0000000091500000| Untracked |  0
| 278|0x0000000091600000, 0x0000000091600000, 0x0000000091700000|  0%| F|  |TAMS 0x0000000091600000| PB 0x0000000091600000| Untracked |  0
| 279|0x0000000091700000, 0x0000000091700000, 0x0000000091800000|  0%| F|  |TAMS 0x0000000091700000| PB 0x0000000091700000| Untracked |  0
| 280|0x0000000091800000, 0x0000000091800000, 0x0000000091900000|  0%| F|  |TAMS 0x0000000091800000| PB 0x0000000091800000| Untracked |  0
| 281|0x0000000091900000, 0x0000000091900000, 0x0000000091a00000|  0%| F|  |TAMS 0x0000000091900000| PB 0x0000000091900000| Untracked |  0
| 282|0x0000000091a00000, 0x0000000091a00000, 0x0000000091b00000|  0%| F|  |TAMS 0x0000000091a00000| PB 0x0000000091a00000| Untracked |  0
| 283|0x0000000091b00000, 0x0000000091b00000, 0x0000000091c00000|  0%| F|  |TAMS 0x0000000091b00000| PB 0x0000000091b00000| Untracked |  0
| 284|0x0000000091c00000, 0x0000000091c00000, 0x0000000091d00000|  0%| F|  |TAMS 0x0000000091c00000| PB 0x0000000091c00000| Untracked |  0
| 285|0x0000000091d00000, 0x0000000091d00000, 0x0000000091e00000|  0%| F|  |TAMS 0x0000000091d00000| PB 0x0000000091d00000| Untracked |  0
| 286|0x0000000091e00000, 0x0000000091e00000, 0x0000000091f00000|  0%| F|  |TAMS 0x0000000091e00000| PB 0x0000000091e00000| Untracked |  0
| 287|0x0000000091f00000, 0x0000000091f00000, 0x0000000092000000|  0%| F|  |TAMS 0x0000000091f00000| PB 0x0000000091f00000| Untracked |  0
| 288|0x0000000092000000, 0x0000000092000000, 0x0000000092100000|  0%| F|  |TAMS 0x0000000092000000| PB 0x0000000092000000| Untracked |  0
| 289|0x0000000092100000, 0x0000000092100000, 0x0000000092200000|  0%| F|  |TAMS 0x0000000092100000| PB 0x0000000092100000| Untracked |  0
| 290|0x0000000092200000, 0x0000000092200000, 0x0000000092300000|  0%| F|  |TAMS 0x0000000092200000| PB 0x0000000092200000| Untracked |  0
| 291|0x0000000092300000, 0x0000000092300000, 0x0000000092400000|  0%| F|  |TAMS 0x0000000092300000| PB 0x0000000092300000| Untracked |  0
| 292|0x0000000092400000, 0x0000000092400000, 0x0000000092500000|  0%| F|  |TAMS 0x0000000092400000| PB 0x0000000092400000| Untracked |  0
| 293|0x0000000092500000, 0x0000000092500000, 0x0000000092600000|  0%| F|  |TAMS 0x0000000092500000| PB 0x0000000092500000| Untracked |  0
| 294|0x0000000092600000, 0x0000000092600000, 0x0000000092700000|  0%| F|  |TAMS 0x0000000092600000| PB 0x0000000092600000| Untracked |  0
| 295|0x0000000092700000, 0x0000000092700000, 0x0000000092800000|  0%| F|  |TAMS 0x0000000092700000| PB 0x0000000092700000| Untracked |  0
| 296|0x0000000092800000, 0x0000000092900000, 0x0000000092900000|100%| E|  |TAMS 0x0000000092800000| PB 0x0000000092800000| Complete |  0
| 297|0x0000000092900000, 0x0000000092a00000, 0x0000000092a00000|100%| E|CS|TAMS 0x0000000092900000| PB 0x0000000092900000| Complete |  0
| 298|0x0000000092a00000, 0x0000000092b00000, 0x0000000092b00000|100%| E|CS|TAMS 0x0000000092a00000| PB 0x0000000092a00000| Complete |  0
| 299|0x0000000092b00000, 0x0000000092c00000, 0x0000000092c00000|100%| E|CS|TAMS 0x0000000092b00000| PB 0x0000000092b00000| Complete |  0
| 300|0x0000000092c00000, 0x0000000092d00000, 0x0000000092d00000|100%| E|CS|TAMS 0x0000000092c00000| PB 0x0000000092c00000| Complete |  0
| 301|0x0000000092d00000, 0x0000000092e00000, 0x0000000092e00000|100%| E|CS|TAMS 0x0000000092d00000| PB 0x0000000092d00000| Complete |  0
| 302|0x0000000092e00000, 0x0000000092f00000, 0x0000000092f00000|100%| E|CS|TAMS 0x0000000092e00000| PB 0x0000000092e00000| Complete |  0
| 303|0x0000000092f00000, 0x0000000093000000, 0x0000000093000000|100%| E|CS|TAMS 0x0000000092f00000| PB 0x0000000092f00000| Complete |  0
| 304|0x0000000093000000, 0x0000000093100000, 0x0000000093100000|100%| E|CS|TAMS 0x0000000093000000| PB 0x0000000093000000| Complete |  0
|2028|0x00000000fec00000, 0x00000000fed00000, 0x00000000fed00000|100%| E|CS|TAMS 0x00000000fec00000| PB 0x00000000fec00000| Complete |  0
|2029|0x00000000fed00000, 0x00000000fee00000, 0x00000000fee00000|100%| E|CS|TAMS 0x00000000fed00000| PB 0x00000000fed00000| Complete |  0
|2030|0x00000000fee00000, 0x00000000fef00000, 0x00000000fef00000|100%| E|CS|TAMS 0x00000000fee00000| PB 0x00000000fee00000| Complete |  0
|2031|0x00000000fef00000, 0x00000000ff000000, 0x00000000ff000000|100%| O|Cm|TAMS 0x00000000fef00000| PB 0x00000000fef00000| Complete |  0
|2032|0x00000000ff000000, 0x00000000ff100000, 0x00000000ff100000|100%| O|  |TAMS 0x00000000ff000000| PB 0x00000000ff000000| Untracked |  0
|2033|0x00000000ff100000, 0x00000000ff200000, 0x00000000ff200000|100%| O|  |TAMS 0x00000000ff100000| PB 0x00000000ff100000| Untracked |  0
|2034|0x00000000ff200000, 0x00000000ff300000, 0x00000000ff300000|100%| O|  |TAMS 0x00000000ff200000| PB 0x00000000ff200000| Untracked |  0
|2035|0x00000000ff300000, 0x00000000ff400000, 0x00000000ff400000|100%| E|CS|TAMS 0x00000000ff300000| PB 0x00000000ff300000| Complete |  0
|2036|0x00000000ff400000, 0x00000000ff500000, 0x00000000ff500000|100%| O|  |TAMS 0x00000000ff400000| PB 0x00000000ff400000| Untracked |  0
|2037|0x00000000ff500000, 0x00000000ff600000, 0x00000000ff600000|100%| E|CS|TAMS 0x00000000ff500000| PB 0x00000000ff500000| Complete |  0
|2038|0x00000000ff600000, 0x00000000ff700000, 0x00000000ff700000|100%| O|  |TAMS 0x00000000ff600000| PB 0x00000000ff600000| Untracked |  0
|2039|0x00000000ff700000, 0x00000000ff800000, 0x00000000ff800000|100%| O|  |TAMS 0x00000000ff700000| PB 0x00000000ff700000| Untracked |  0
|2040|0x00000000ff800000, 0x00000000ff900000, 0x00000000ff900000|100%| O|  |TAMS 0x00000000ff800000| PB 0x00000000ff800000| Untracked |  0
|2041|0x00000000ff900000, 0x00000000ffa00000, 0x00000000ffa00000|100%| O|  |TAMS 0x00000000ff900000| PB 0x00000000ff900000| Untracked |  0
|2042|0x00000000ffa00000, 0x00000000ffb00000, 0x00000000ffb00000|100%| O|  |TAMS 0x00000000ffa00000| PB 0x00000000ffa00000| Untracked |  0
|2043|0x00000000ffb00000, 0x00000000ffc00000, 0x00000000ffc00000|100%| O|  |TAMS 0x00000000ffb00000| PB 0x00000000ffb00000| Untracked |  0
|2044|0x00000000ffc00000, 0x00000000ffd00000, 0x00000000ffd00000|100%| O|  |TAMS 0x00000000ffc00000| PB 0x00000000ffc00000| Untracked |  0
|2045|0x00000000ffd00000, 0x00000000ffe00000, 0x00000000ffe00000|100%| O|  |TAMS 0x00000000ffd00000| PB 0x00000000ffd00000| Untracked |  0
|2046|0x00000000ffe00000, 0x00000000fff00000, 0x00000000fff00000|100%| O|  |TAMS 0x00000000ffe00000| PB 0x00000000ffe00000| Untracked |  0
|2047|0x00000000fff00000, 0x0000000100000000, 0x0000000100000000|100%| O|  |TAMS 0x00000000fff00000| PB 0x00000000fff00000| Untracked |  0

Card table byte_map: [0x0000012962070000,0x0000012962470000] _byte_map_base: 0x0000012961c70000

Marking Bits: (CMBitMap*) 0x000001294ee47060
 Bits: [0x0000012962470000, 0x0000012964470000)

Polling page: 0x000001294cc30000

Metaspace:
Metaspace        used 168543K, committed 170880K, reserved 1245184K
 class space     used 25556K, committed 26688K, reserved 1048576K

Usage:
  Non-class:    139.64 MB used.
      Class:     24.96 MB used.
       Both:    164.59 MB used.

Virtual space:
  Non-class space:      192.00 MB reserved,     140.81 MB ( 73%) committed,  3 nodes.
      Class space:        1.00 GB reserved,      26.06 MB (  3%) committed,  1 nodes.
             Both:        1.19 GB reserved,     166.88 MB ( 14%) committed. 

Chunk freelists:
   Non-Class:  3.14 MB
       Class:  5.98 MB
        Both:  9.12 MB

MaxMetaspaceSize: unlimited
CompressedClassSpaceSize: 1.00 GB
Initial GC threshold: 21.00 MB
Current GC threshold: 276.06 MB
CDS: off
 - commit_granule_bytes: 65536.
 - commit_granule_words: 8192.
 - virtual_space_node_default_size: 8388608.
 - enlarge_chunks_in_place: 1.
UseCompressedClassPointers 1, UseCompactObjectHeaders 0
Narrow klass pointer bits 32, Max shift 3
Narrow klass base: 0x0000000000000000, Narrow klass shift: 0
Encoding Range: [0x0000000000000000 - 0x0000000100000000), (4294967296 bytes)
Klass Range:    [0x0000000016000000 - 0x0000000056000000), (1073741824 bytes)
Klass ID Range:  [369098752 - 1442840569) (1073741817)
No protection zone.


Internal statistics:

num_allocs_failed_limit: 9.
num_arena_births: 4656.
num_arena_deaths: 114.
num_vsnodes_births: 4.
num_vsnodes_deaths: 0.
num_space_committed: 2669.
num_space_uncommitted: 0.
num_chunks_returned_to_freelist: 177.
num_chunks_taken_from_freelist: 11660.
num_chunk_merges: 76.
num_chunk_splits: 7831.
num_chunks_enlarged: 5239.
num_inconsistent_stats: 0.

CodeHeap 'non-profiled nmethods': size=119168Kb used=6644Kb max_used=6644Kb free=112523Kb
 bounds [0x0000012959e80000, 0x000001295a500000, 0x00000129612e0000]
CodeHeap 'profiled nmethods': size=119168Kb used=34120Kb max_used=34120Kb free=85047Kb
 bounds [0x00000129522d0000, 0x0000012954430000, 0x0000012959730000]
CodeHeap 'non-nmethods': size=7488Kb used=3290Kb max_used=3982Kb free=4197Kb
 bounds [0x0000012959730000, 0x0000012959b40000, 0x0000012959e80000]
CodeCache: size=245824Kb, used=44054Kb, max_used=44746Kb, free=201767Kb
 total_blobs=22196, nmethods=21179, adapters=915, full_count=0
Compilation: enabled, stopped_count=0, restarted_count=0

Compilation events (20 events):
Event: 26.098 Thread 0x0000012970c86970 24239       2       com.android.tools.r8.internal.j41::a (15 bytes)
Event: 26.098 Thread 0x00000129676a8d30 nmethod 24236 0x0000012954349a88 code [0x0000012954349b80, 0x0000012954349f20]
Event: 26.098 Thread 0x00000129676a8d30 24238       2       com.android.tools.r8.internal.j41::<init> (13 bytes)
Event: 26.098 Thread 0x0000012970c86970 nmethod 24239 0x0000012954349f88 code [0x000001295434a080, 0x000001295434a1b8]
Event: 26.098 Thread 0x0000012970c86970 24240       2       com.android.tools.r8.internal.j41::Q0 (5 bytes)
Event: 26.098 Thread 0x00000129676a8d30 nmethod 24238 0x000001295434a288 code [0x000001295434a380, 0x000001295434a5e0]
Event: 26.098 Thread 0x0000012970c86970 nmethod 24240 0x000001295434a608 code [0x000001295434a700, 0x000001295434a818]
Event: 26.098 Thread 0x0000012970c86970 24241       2       com.android.tools.r8.internal.j41::a (238 bytes)
Event: 26.099 Thread 0x0000012970c86970 nmethod 24241 0x000001295434a908 code [0x000001295434aa00, 0x000001295434b320]
Event: 26.099 Thread 0x00000129676a8d30 24242       2       com.android.tools.r8.internal.of1::<init> (50 bytes)
Event: 26.099 Thread 0x00000129676a8d30 nmethod 24242 0x000001295434b388 code [0x000001295434b480, 0x000001295434b640]
Event: 26.100 Thread 0x00000129676a8d30 24243       2       com.android.tools.r8.internal.go::v (81 bytes)
Event: 26.100 Thread 0x00000129676a8d30 nmethod 24243 0x000001295434b688 code [0x000001295434b780, 0x000001295434baa8]
Event: 26.107 Thread 0x0000012970c86970 24244       2       com.android.tools.r8.internal.dd::B (5 bytes)
Event: 26.108 Thread 0x00000129676a8d30 24245       2       com.android.tools.r8.internal.p91::forEach (1 bytes)
Event: 26.108 Thread 0x0000012970c86970 nmethod 24244 0x000001295434bb08 code [0x000001295434bc00, 0x000001295434bd30]
Event: 26.108 Thread 0x00000129676a8d30 nmethod 24245 0x000001295434be08 code [0x000001295434bf00, 0x000001295434c000]
Event: 26.108 Thread 0x00000129676a8d30 24246       2       com.android.tools.r8.internal.v41::a (56 bytes)
Event: 26.108 Thread 0x0000012970c86970 24247       2       com.android.tools.r8.internal.v41$$Lambda/0x0000000017827060::test (8 bytes)
Event: 26.108 Thread 0x0000012970c86970 nmethod 24247 0x000001295434c108 code [0x000001295434c200, 0x000001295434c360]

GC Heap Usage History (20 events):
Event: 22.260 {heap Before GC invocations=48 (full 0):
 garbage-first heap   total reserved 2097152K, committed 203776K, used 187629K [0x0000000080000000, 0x0000000100000000)
  region size 1024K, 74 young (75776K), 10 survivors (10240K)
}
Event: 22.267 {heap After GC invocations=49 (full 0):
 garbage-first heap   total reserved 2097152K, committed 203776K, used 127046K [0x0000000080000000, 0x0000000100000000)
  region size 1024K, 4 young (4096K), 4 survivors (4096K)
}
Event: 22.564 {heap Before GC invocations=50 (full 0):
 garbage-first heap   total reserved 2097152K, committed 217088K, used 196678K [0x0000000080000000, 0x0000000100000000)
  region size 1024K, 66 young (67584K), 4 survivors (4096K)
}
Event: 22.568 {heap After GC invocations=51 (full 0):
 garbage-first heap   total reserved 2097152K, committed 217088K, used 142462K [0x0000000080000000, 0x0000000100000000)
  region size 1024K, 9 young (9216K), 9 survivors (9216K)
}
Event: 22.929 {heap Before GC invocations=51 (full 0):
 garbage-first heap   total reserved 2097152K, committed 217088K, used 198782K [0x0000000080000000, 0x0000000100000000)
  region size 1024K, 65 young (66560K), 9 survivors (9216K)
}
Event: 22.937 {heap After GC invocations=52 (full 0):
 garbage-first heap   total reserved 2097152K, committed 267264K, used 151543K [0x0000000080000000, 0x0000000100000000)
  region size 1024K, 9 young (9216K), 9 survivors (9216K)
}
Event: 23.504 {heap Before GC invocations=52 (full 0):
 garbage-first heap   total reserved 2097152K, committed 267264K, used 237559K [0x0000000080000000, 0x0000000100000000)
  region size 1024K, 94 young (96256K), 9 survivors (9216K)
}
Event: 23.509 {heap After GC invocations=53 (full 0):
 garbage-first heap   total reserved 2097152K, committed 267264K, used 151961K [0x0000000080000000, 0x0000000100000000)
  region size 1024K, 6 young (6144K), 6 survivors (6144K)
}
Event: 23.908 {heap Before GC invocations=54 (full 0):
 garbage-first heap   total reserved 2097152K, committed 267264K, used 240025K [0x0000000080000000, 0x0000000100000000)
  region size 1024K, 93 young (95232K), 6 survivors (6144K)
}
Event: 23.915 {heap After GC invocations=55 (full 0):
 garbage-first heap   total reserved 2097152K, committed 267264K, used 158371K [0x0000000080000000, 0x0000000100000000)
  region size 1024K, 12 young (12288K), 12 survivors (12288K)
}
Event: 24.235 {heap Before GC invocations=55 (full 0):
 garbage-first heap   total reserved 2097152K, committed 267264K, used 241315K [0x0000000080000000, 0x0000000100000000)
  region size 1024K, 94 young (96256K), 12 survivors (12288K)
}
Event: 24.243 {heap After GC invocations=56 (full 0):
 garbage-first heap   total reserved 2097152K, committed 267264K, used 161471K [0x0000000080000000, 0x0000000100000000)
  region size 1024K, 6 young (6144K), 6 survivors (6144K)
}
Event: 24.454 {heap Before GC invocations=56 (full 0):
 garbage-first heap   total reserved 2097152K, committed 267264K, used 243391K [0x0000000080000000, 0x0000000100000000)
  region size 1024K, 87 young (89088K), 6 survivors (6144K)
}
Event: 24.459 {heap After GC invocations=57 (full 0):
 garbage-first heap   total reserved 2097152K, committed 267264K, used 163658K [0x0000000080000000, 0x0000000100000000)
  region size 1024K, 8 young (8192K), 8 survivors (8192K)
}
Event: 24.664 {heap Before GC invocations=58 (full 0):
 garbage-first heap   total reserved 2097152K, committed 275456K, used 245578K [0x0000000080000000, 0x0000000100000000)
  region size 1024K, 89 young (91136K), 8 survivors (8192K)
}
Event: 24.670 {heap After GC invocations=59 (full 0):
 garbage-first heap   total reserved 2097152K, committed 275456K, used 168859K [0x0000000080000000, 0x0000000100000000)
  region size 1024K, 9 young (9216K), 9 survivors (9216K)
}
Event: 24.935 {heap Before GC invocations=59 (full 0):
 garbage-first heap   total reserved 2097152K, committed 275456K, used 253851K [0x0000000080000000, 0x0000000100000000)
  region size 1024K, 93 young (95232K), 9 survivors (9216K)
}
Event: 24.941 {heap After GC invocations=60 (full 0):
 garbage-first heap   total reserved 2097152K, committed 332800K, used 167825K [0x0000000080000000, 0x0000000100000000)
  region size 1024K, 7 young (7168K), 7 survivors (7168K)
}
Event: 25.393 {heap Before GC invocations=60 (full 0):
 garbage-first heap   total reserved 2097152K, committed 332800K, used 307089K [0x0000000080000000, 0x0000000100000000)
  region size 1024K, 144 young (147456K), 7 survivors (7168K)
}
Event: 25.398 {heap After GC invocations=61 (full 0):
 garbage-first heap   total reserved 2097152K, committed 332800K, used 168058K [0x0000000080000000, 0x0000000100000000)
  region size 1024K, 7 young (7168K), 7 survivors (7168K)
}

Metaspace Usage History (20 events):
Event: 22.260 {metaspace Before GC invocations=48 (full 0):
 Metaspace       used 130773K, committed 133056K, reserved 1179648K
  class space    used 19018K, committed 20096K, reserved 1048576K
}
Event: 22.267 {metaspace After GC invocations=49 (full 0):
 Metaspace       used 130773K, committed 133056K, reserved 1179648K
  class space    used 19018K, committed 20096K, reserved 1048576K
}
Event: 22.564 {metaspace Before GC invocations=50 (full 0):
 Metaspace       used 134272K, committed 136512K, reserved 1179648K
  class space    used 19381K, committed 20416K, reserved 1048576K
}
Event: 22.568 {metaspace After GC invocations=51 (full 0):
 Metaspace       used 134272K, committed 136512K, reserved 1179648K
  class space    used 19381K, committed 20416K, reserved 1048576K
}
Event: 22.929 {metaspace Before GC invocations=51 (full 0):
 Metaspace       used 138931K, committed 141120K, reserved 1179648K
  class space    used 20034K, committed 21056K, reserved 1048576K
}
Event: 22.937 {metaspace After GC invocations=52 (full 0):
 Metaspace       used 138931K, committed 141120K, reserved 1179648K
  class space    used 20034K, committed 21056K, reserved 1048576K
}
Event: 23.504 {metaspace Before GC invocations=52 (full 0):
 Metaspace       used 145075K, committed 147392K, reserved 1179648K
  class space    used 21190K, committed 22272K, reserved 1048576K
}
Event: 23.509 {metaspace After GC invocations=53 (full 0):
 Metaspace       used 145075K, committed 147392K, reserved 1179648K
  class space    used 21190K, committed 22272K, reserved 1048576K
}
Event: 23.908 {metaspace Before GC invocations=54 (full 0):
 Metaspace       used 150528K, committed 152832K, reserved 1179648K
  class space    used 22284K, committed 23360K, reserved 1048576K
}
Event: 23.915 {metaspace After GC invocations=55 (full 0):
 Metaspace       used 150528K, committed 152832K, reserved 1179648K
  class space    used 22284K, committed 23360K, reserved 1048576K
}
Event: 24.235 {metaspace Before GC invocations=55 (full 0):
 Metaspace       used 156547K, committed 158848K, reserved 1245184K
  class space    used 23600K, committed 24640K, reserved 1048576K
}
Event: 24.243 {metaspace After GC invocations=56 (full 0):
 Metaspace       used 156547K, committed 158848K, reserved 1245184K
  class space    used 23600K, committed 24640K, reserved 1048576K
}
Event: 24.454 {metaspace Before GC invocations=56 (full 0):
 Metaspace       used 161434K, committed 163840K, reserved 1245184K
  class space    used 24496K, committed 25664K, reserved 1048576K
}
Event: 24.459 {metaspace After GC invocations=57 (full 0):
 Metaspace       used 161434K, committed 163840K, reserved 1245184K
  class space    used 24496K, committed 25664K, reserved 1048576K
}
Event: 24.664 {metaspace Before GC invocations=58 (full 0):
 Metaspace       used 164308K, committed 166592K, reserved 1245184K
  class space    used 25015K, committed 26112K, reserved 1048576K
}
Event: 24.670 {metaspace After GC invocations=59 (full 0):
 Metaspace       used 164308K, committed 166592K, reserved 1245184K
  class space    used 25015K, committed 26112K, reserved 1048576K
}
Event: 24.935 {metaspace Before GC invocations=59 (full 0):
 Metaspace       used 166206K, committed 168576K, reserved 1245184K
  class space    used 25342K, committed 26496K, reserved 1048576K
}
Event: 24.941 {metaspace After GC invocations=60 (full 0):
 Metaspace       used 166206K, committed 168576K, reserved 1245184K
  class space    used 25342K, committed 26496K, reserved 1048576K
}
Event: 25.393 {metaspace Before GC invocations=60 (full 0):
 Metaspace       used 166967K, committed 169280K, reserved 1245184K
  class space    used 25444K, committed 26560K, reserved 1048576K
}
Event: 25.398 {metaspace After GC invocations=61 (full 0):
 Metaspace       used 166967K, committed 169280K, reserved 1245184K
  class space    used 25444K, committed 26560K, reserved 1048576K
}

Dll operation events (3 events):
Event: 0.011 Loaded shared library D:\Program Files\Android\Android Studio\jbr\bin\java.dll
Event: 0.017 Loaded shared library D:\Program Files\Android\Android Studio\jbr\bin\zip.dll
Event: 0.633 Loaded shared library D:\Program Files\Android\Android Studio\jbr\bin\verify.dll

Deoptimization events (20 events):
Event: 26.024 Thread 0x00000129724bcae0 DEOPT PACKING pc=0x000001295a4f76dc sp=0x00000017e92fb670
Event: 26.024 Thread 0x00000129724bcae0 DEOPT UNPACKING pc=0x0000012959848582 sp=0x00000017e92fb608 mode 2
Event: 26.030 Thread 0x00000129724bcae0 DEOPT PACKING pc=0x0000012953e1286a sp=0x00000017e92fb8b0
Event: 26.030 Thread 0x00000129724bcae0 DEOPT UNPACKING pc=0x0000012959781702 sp=0x00000017e92fb140 mode 0
Event: 26.038 Thread 0x00000129724bcae0 DEOPT PACKING pc=0x00000129542bdaa8 sp=0x00000017e92fbb90
Event: 26.038 Thread 0x00000129724bcae0 DEOPT UNPACKING pc=0x0000012959781702 sp=0x00000017e92fb000 mode 0
Event: 26.077 Thread 0x00000129724bcae0 Uncommon trap: trap_request=0xffffffde fr.pc=0x000001295a1dc64c relative=0x000000000000054c
Event: 26.077 Thread 0x00000129724bcae0 Uncommon trap: reason=class_check action=maybe_recompile pc=0x000001295a1dc64c method=com.android.tools.r8.internal.sx1.a(Lcom/android/tools/r8/internal/d51;Lcom/android/tools/r8/internal/rx1;)Z @ 107 c2
Event: 26.077 Thread 0x00000129724bcae0 DEOPT PACKING pc=0x000001295a1dc64c sp=0x00000017e92fb6c0
Event: 26.077 Thread 0x00000129724bcae0 DEOPT UNPACKING pc=0x0000012959848582 sp=0x00000017e92fb640 mode 2
Event: 26.082 Thread 0x00000129724bcae0 Uncommon trap: trap_request=0xffffffde fr.pc=0x000001295a3ca160 relative=0x0000000000000260
Event: 26.082 Thread 0x00000129724bcae0 Uncommon trap: reason=class_check action=maybe_recompile pc=0x000001295a3ca160 method=com.android.tools.r8.internal.ol.a(ILcom/android/tools/r8/internal/gu0;Lcom/android/tools/r8/internal/h71;)V @ 147 c2
Event: 26.082 Thread 0x00000129724bcae0 DEOPT PACKING pc=0x000001295a3ca160 sp=0x00000017e92fbdf0
Event: 26.082 Thread 0x00000129724bcae0 DEOPT UNPACKING pc=0x0000012959848582 sp=0x00000017e92fbd80 mode 2
Event: 26.082 Thread 0x00000129724bcae0 Uncommon trap: trap_request=0xffffffde fr.pc=0x000001295a3ca160 relative=0x0000000000000260
Event: 26.082 Thread 0x00000129724bcae0 Uncommon trap: reason=class_check action=maybe_recompile pc=0x000001295a3ca160 method=com.android.tools.r8.internal.ol.a(ILcom/android/tools/r8/internal/gu0;Lcom/android/tools/r8/internal/h71;)V @ 147 c2
Event: 26.082 Thread 0x00000129724bcae0 DEOPT PACKING pc=0x000001295a3ca160 sp=0x00000017e92fbdf0
Event: 26.082 Thread 0x00000129724bcae0 DEOPT UNPACKING pc=0x0000012959848582 sp=0x00000017e92fbd80 mode 2
Event: 26.101 Thread 0x00000129724bcae0 DEOPT PACKING pc=0x00000129542bdaa8 sp=0x00000017e92fc540
Event: 26.101 Thread 0x00000129724bcae0 DEOPT UNPACKING pc=0x0000012959781702 sp=0x00000017e92fb9b0 mode 0

Classes loaded (20 events):
Event: 24.290 Loading class java/util/IdentityHashMap$ValueIterator
Event: 24.290 Loading class java/util/IdentityHashMap$ValueIterator done
Event: 24.397 Loading class java/util/concurrent/ConcurrentHashMap$TreeNode
Event: 24.398 Loading class java/util/concurrent/ConcurrentHashMap$TreeNode done
Event: 24.398 Loading class java/util/concurrent/ConcurrentHashMap$TreeBin
Event: 24.398 Loading class java/util/concurrent/ConcurrentHashMap$TreeBin done
Event: 24.631 Loading class java/nio/ShortBuffer
Event: 24.631 Loading class java/nio/ShortBuffer done
Event: 24.660 Loading class java/nio/ByteBufferAsShortBufferL
Event: 24.661 Loading class java/nio/ByteBufferAsShortBufferL done
Event: 24.684 Loading class java/util/zip/Adler32
Event: 24.684 Loading class java/util/zip/Adler32 done
Event: 24.692 Loading class java/util/zip/Deflater
Event: 24.692 Loading class java/util/zip/Deflater done
Event: 24.694 Loading class java/util/zip/Deflater$DeflaterZStreamRef
Event: 24.694 Loading class java/util/zip/Deflater$DeflaterZStreamRef done
Event: 24.696 Loading class java/util/zip/ZipOutputStream$XEntry
Event: 24.696 Loading class java/util/zip/ZipOutputStream$XEntry done
Event: 25.669 Loading class java/util/concurrent/ArrayBlockingQueue$Itrs
Event: 25.669 Loading class java/util/concurrent/ArrayBlockingQueue$Itrs done

Classes unloaded (20 events):
Event: 24.546 Thread 0x0000012966eabc10 Unloading class 0x000000001741c400 'java/lang/invoke/LambdaForm$DMH+0x000000001741c400'
Event: 24.546 Thread 0x0000012966eabc10 Unloading class 0x000000001741d000 'java/lang/invoke/LambdaForm$DMH+0x000000001741d000'
Event: 24.546 Thread 0x0000012966eabc10 Unloading class 0x000000001741c800 'java/lang/invoke/LambdaForm$DMH+0x000000001741c800'
Event: 24.546 Thread 0x0000012966eabc10 Unloading class 0x000000001741c000 'java/lang/invoke/LambdaForm$DMH+0x000000001741c000'
Event: 25.493 Thread 0x0000012966eabc10 Unloading class 0x00000000178d2000 'java/lang/invoke/LambdaForm$DMH+0x00000000178d2000'
Event: 25.493 Thread 0x0000012966eabc10 Unloading class 0x00000000178d1000 'java/lang/invoke/LambdaForm$DMH+0x00000000178d1000'
Event: 25.493 Thread 0x0000012966eabc10 Unloading class 0x00000000178d2400 'java/lang/invoke/LambdaForm$DMH+0x00000000178d2400'
Event: 25.493 Thread 0x0000012966eabc10 Unloading class 0x00000000178d1c00 'java/lang/invoke/LambdaForm$DMH+0x00000000178d1c00'
Event: 25.493 Thread 0x0000012966eabc10 Unloading class 0x00000000178d2800 'java/lang/invoke/LambdaForm$DMH+0x00000000178d2800'
Event: 25.493 Thread 0x0000012966eabc10 Unloading class 0x00000000178d1400 'java/lang/invoke/LambdaForm$DMH+0x00000000178d1400'
Event: 25.493 Thread 0x0000012966eabc10 Unloading class 0x00000000178d1800 'java/lang/invoke/LambdaForm$DMH+0x00000000178d1800'
Event: 25.493 Thread 0x0000012966eabc10 Unloading class 0x00000000178d0800 'java/lang/invoke/LambdaForm$DMH+0x00000000178d0800'
Event: 25.493 Thread 0x0000012966eabc10 Unloading class 0x00000000178d0400 'java/lang/invoke/LambdaForm$DMH+0x00000000178d0400'
Event: 25.493 Thread 0x0000012966eabc10 Unloading class 0x0000000017865800 'java/lang/invoke/LambdaForm$DMH+0x0000000017865800'
Event: 25.493 Thread 0x0000012966eabc10 Unloading class 0x0000000017865400 'java/lang/invoke/LambdaForm$DMH+0x0000000017865400'
Event: 25.493 Thread 0x0000012966eabc10 Unloading class 0x0000000017865000 'java/lang/invoke/LambdaForm$DMH+0x0000000017865000'
Event: 25.493 Thread 0x0000012966eabc10 Unloading class 0x0000000017864c00 'java/lang/invoke/LambdaForm$DMH+0x0000000017864c00'
Event: 25.493 Thread 0x0000012966eabc10 Unloading class 0x0000000017864400 'java/lang/invoke/LambdaForm$DMH+0x0000000017864400'
Event: 25.493 Thread 0x0000012966eabc10 Unloading class 0x0000000017864800 'java/lang/invoke/LambdaForm$DMH+0x0000000017864800'
Event: 25.493 Thread 0x0000012966eabc10 Unloading class 0x000000001783c000 'java/lang/invoke/LambdaForm$DMH+0x000000001783c000'

Classes redefined (0 events):
No events

Internal exceptions (20 events):
Event: 25.708 Thread 0x00000129724ccaf0 Exception <a 'sun/nio/fs/WindowsException'{0x000000008dcbeb00}> (0x000000008dcbeb00) 
thrown [s\src\hotspot\share\prims\jni.cpp, line 535]
Event: 25.711 Thread 0x00000129724ccaf0 Exception <a 'sun/nio/fs/WindowsException'{0x000000008d78aba0}> (0x000000008d78aba0) 
thrown [s\src\hotspot\share\prims\jni.cpp, line 535]
Event: 25.714 Thread 0x00000129724ccaf0 Exception <a 'sun/nio/fs/WindowsException'{0x000000008d603480}> (0x000000008d603480) 
thrown [s\src\hotspot\share\prims\jni.cpp, line 535]
Event: 25.720 Thread 0x00000129724ccaf0 Exception <a 'sun/nio/fs/WindowsException'{0x000000008d5a93c0}> (0x000000008d5a93c0) 
thrown [s\src\hotspot\share\prims\jni.cpp, line 535]
Event: 25.724 Thread 0x00000129724ccaf0 Exception <a 'sun/nio/fs/WindowsException'{0x000000008d5bcc28}> (0x000000008d5bcc28) 
thrown [s\src\hotspot\share\prims\jni.cpp, line 535]
Event: 25.728 Thread 0x00000129724ccaf0 Exception <a 'sun/nio/fs/WindowsException'{0x000000008d5c67f8}> (0x000000008d5c67f8) 
thrown [s\src\hotspot\share\prims\jni.cpp, line 535]
Event: 25.731 Thread 0x00000129724bcae0 Exception <a 'sun/nio/fs/WindowsException'{0x000000008d3e6f38}> (0x000000008d3e6f38) 
thrown [s\src\hotspot\share\prims\jni.cpp, line 535]
Event: 25.733 Thread 0x00000129724bda80 Exception <a 'sun/nio/fs/WindowsException'{0x000000008d24aa50}> (0x000000008d24aa50) 
thrown [s\src\hotspot\share\prims\jni.cpp, line 535]
Event: 25.733 Thread 0x00000129724ccaf0 Exception <a 'sun/nio/fs/WindowsException'{0x000000008d5d30c0}> (0x000000008d5d30c0) 
thrown [s\src\hotspot\share\prims\jni.cpp, line 535]
Event: 25.736 Thread 0x00000129724bda80 Exception <a 'sun/nio/fs/WindowsException'{0x000000008d263050}> (0x000000008d263050) 
thrown [s\src\hotspot\share\prims\jni.cpp, line 535]
Event: 25.739 Thread 0x00000129724ccaf0 Exception <a 'sun/nio/fs/WindowsException'{0x000000008d1664f8}> (0x000000008d1664f8) 
thrown [s\src\hotspot\share\prims\jni.cpp, line 535]
Event: 25.740 Thread 0x00000129724ccaf0 Exception <a 'sun/nio/fs/WindowsException'{0x000000008d167520}> (0x000000008d167520) 
thrown [s\src\hotspot\share\prims\jni.cpp, line 535]
Event: 25.742 Thread 0x00000129724bda80 Exception <a 'sun/nio/fs/WindowsException'{0x000000008d09e710}> (0x000000008d09e710) 
thrown [s\src\hotspot\share\prims\jni.cpp, line 535]
Event: 25.747 Thread 0x00000129724bda80 Exception <a 'sun/nio/fs/WindowsException'{0x000000008d0c7440}> (0x000000008d0c7440) 
thrown [s\src\hotspot\share\prims\jni.cpp, line 535]
Event: 25.751 Thread 0x00000129724bda80 Exception <a 'sun/nio/fs/WindowsException'{0x000000008ced5ae8}> (0x000000008ced5ae8) 
thrown [s\src\hotspot\share\prims\jni.cpp, line 535]
Event: 25.753 Thread 0x00000129724bda80 Exception <a 'sun/nio/fs/WindowsException'{0x000000008cedc888}> (0x000000008cedc888) 
thrown [s\src\hotspot\share\prims\jni.cpp, line 535]
Event: 25.756 Thread 0x00000129724bda80 Exception <a 'sun/nio/fs/WindowsException'{0x000000008cee4d78}> (0x000000008cee4d78) 
thrown [s\src\hotspot\share\prims\jni.cpp, line 535]
Event: 25.760 Thread 0x00000129724bda80 Exception <a 'sun/nio/fs/WindowsException'{0x000000008cb0e2a8}> (0x000000008cb0e2a8) 
thrown [s\src\hotspot\share\prims\jni.cpp, line 535]
Event: 25.761 Thread 0x00000129724bda80 Exception <a 'sun/nio/fs/WindowsException'{0x000000008cb0f2d0}> (0x000000008cb0f2d0) 
thrown [s\src\hotspot\share\prims\jni.cpp, line 535]
Event: 26.071 Thread 0x00000129724bcae0 Exception <a 'sun/nio/fs/WindowsException'{0x000000008ad3beb8}> (0x000000008ad3beb8) 
thrown [s\src\hotspot\share\prims\jni.cpp, line 535]

VM Operations (20 events):
Event: 24.596 Executing safepoint VM operation: G1PauseCleanup
Event: 24.596 Executing safepoint VM operation: G1PauseCleanup done
Event: 24.613 Executing non-safepoint VM operation: HandshakeAllThreads (Deoptimize)
Event: 24.614 Executing non-safepoint VM operation: HandshakeAllThreads (Deoptimize) done
Event: 24.664 Executing safepoint VM operation: G1CollectForAllocation (G1 Evacuation Pause)
Event: 24.670 Executing safepoint VM operation: G1CollectForAllocation (G1 Evacuation Pause) done
Event: 24.687 Executing non-safepoint VM operation: HandshakeAllThreads (Deoptimize)
Event: 24.687 Executing non-safepoint VM operation: HandshakeAllThreads (Deoptimize) done
Event: 24.934 Executing safepoint VM operation: G1CollectForAllocation (G1 Evacuation Pause)
Event: 24.942 Executing safepoint VM operation: G1CollectForAllocation (G1 Evacuation Pause) done
Event: 24.971 Executing non-safepoint VM operation: HandshakeAllThreads (Deoptimize)
Event: 25.001 Executing non-safepoint VM operation: HandshakeAllThreads (Deoptimize) done
Event: 25.291 Executing non-safepoint VM operation: HandshakeAllThreads (Deoptimize)
Event: 25.292 Executing non-safepoint VM operation: HandshakeAllThreads (Deoptimize) done
Event: 25.393 Executing safepoint VM operation: G1CollectForAllocation (G1 Evacuation Pause)
Event: 25.398 Executing safepoint VM operation: G1CollectForAllocation (G1 Evacuation Pause) done
Event: 25.492 Executing safepoint VM operation: G1PauseRemark
Event: 25.510 Executing safepoint VM operation: G1PauseRemark done
Event: 25.547 Executing safepoint VM operation: G1PauseCleanup
Event: 25.547 Executing safepoint VM operation: G1PauseCleanup done

Memory protections (0 events):
No events

Nmethod flushes (20 events):
Event: 25.508 Thread 0x0000012966eabc10 flushing  nmethod 0x0000012953764988
Event: 25.508 Thread 0x0000012966eabc10 flushing  nmethod 0x0000012953764c88
Event: 25.508 Thread 0x0000012966eabc10 flushing  nmethod 0x0000012953764f88
Event: 25.508 Thread 0x0000012966eabc10 flushing  nmethod 0x0000012953765888
Event: 25.508 Thread 0x0000012966eabc10 flushing  nmethod 0x0000012953766108
Event: 25.508 Thread 0x0000012966eabc10 flushing  nmethod 0x0000012953ae5008
Event: 25.508 Thread 0x0000012966eabc10 flushing  nmethod 0x0000012953ba8288
Event: 25.508 Thread 0x0000012966eabc10 flushing  nmethod 0x0000012953ba9b88
Event: 25.508 Thread 0x0000012966eabc10 flushing  nmethod 0x0000012953bdb288
Event: 25.508 Thread 0x0000012966eabc10 flushing  nmethod 0x0000012953bdb588
Event: 25.508 Thread 0x0000012966eabc10 flushing  nmethod 0x0000012953bdd908
Event: 25.508 Thread 0x0000012966eabc10 flushing  nmethod 0x0000012953bddc88
Event: 25.508 Thread 0x0000012966eabc10 flushing  nmethod 0x0000012953bddf88
Event: 25.508 Thread 0x0000012966eabc10 flushing  nmethod 0x0000012953bde388
Event: 25.508 Thread 0x0000012966eabc10 flushing  nmethod 0x0000012953bdf088
Event: 25.508 Thread 0x0000012966eabc10 flushing  nmethod 0x0000012953bdfb88
Event: 25.508 Thread 0x0000012966eabc10 flushing  nmethod 0x0000012953bdff08
Event: 25.508 Thread 0x0000012966eabc10 flushing  nmethod 0x0000012953be0508
Event: 25.508 Thread 0x0000012966eabc10 flushing  nmethod 0x0000012953c03108
Event: 25.508 Thread 0x0000012966eabc10 flushing  nmethod 0x0000012953c32008

Events (20 events):
Event: 22.460 Thread 0x00000129724c9440 Thread added: 0x0000012977a7d670
Event: 22.461 Thread 0x00000129724c9440 Thread added: 0x0000012977a7cea0
Event: 22.462 Thread 0x00000129724c9440 Thread added: 0x0000012977a7de40
Event: 22.463 Thread 0x00000129724c9440 Thread added: 0x0000012977a7f5b0
Event: 22.464 Thread 0x00000129724c9440 Thread added: 0x0000012977a7fd80
Event: 22.473 Thread 0x00000129724c9440 Thread added: 0x0000012977a80d20
Event: 22.474 Thread 0x00000129724c9440 Thread added: 0x0000012977a80550
Event: 22.475 Thread 0x00000129724c9440 Thread added: 0x0000012977a82490
Event: 22.970 Thread 0x00000129676a2ef0 Thread added: 0x0000012970c86970
Event: 24.727 Thread 0x0000012977a80d20 Thread added: 0x0000012977e3f8b0
Event: 24.741 Thread 0x00000129724baba0 Thread added: 0x0000012977e446d0
Event: 25.404 Thread 0x0000012977e3f8b0 Thread exited: 0x0000012977e3f8b0
Event: 25.479 Thread 0x00000129724c1f10 Thread added: 0x0000012977e3f8b0
Event: 25.524 Thread 0x00000129724c1f10 Thread added: 0x0000012977e44ea0
Event: 25.622 Thread 0x0000012977e44ea0 Thread added: 0x0000012977e49cc0
Event: 25.686 Thread 0x0000012977e44ea0 Thread added: 0x0000012977e4ac60
Event: 25.713 Thread 0x0000012977e4ac60 Thread added: 0x0000012977a81cc0
Event: 25.714 Thread 0x0000012977e4ac60 Thread added: 0x000001296785d8e0
Event: 25.714 Thread 0x0000012977e4ac60 Thread added: 0x0000012971ab9440
Event: 25.714 Thread 0x0000012977e4ac60 Thread added: 0x00000129724b9430


Dynamic libraries:
0x00007ff7f4090000 - 0x00007ff7f409a000 	D:\Program Files\Android\Android Studio\jbr\bin\java.exe
0x00007ffa97840000 - 0x00007ffa97aa7000 	C:\WINDOWS\SYSTEM32\ntdll.dll
0x00007ffa95b90000 - 0x00007ffa95c5b000 	C:\WINDOWS\System32\KERNEL32.DLL
0x00007ffa94eb0000 - 0x00007ffa952b2000 	C:\WINDOWS\System32\KERNELBASE.dll
0x00007ffa952c0000 - 0x00007ffa9540c000 	C:\WINDOWS\System32\ucrtbase.dll
0x00007ffa8ed30000 - 0x00007ffa8ed4b000 	D:\Program Files\Android\Android Studio\jbr\bin\VCRUNTIME140.dll
0x00007ffa656e0000 - 0x00007ffa656f6000 	D:\Program Files\Android\Android Studio\jbr\bin\jli.dll
0x00007ffa96270000 - 0x00007ffa9643f000 	C:\WINDOWS\System32\USER32.dll
0x00007ffa94a40000 - 0x00007ffa94a67000 	C:\WINDOWS\System32\win32u.dll
0x00007ffa81a40000 - 0x00007ffa81cd0000 	C:\WINDOWS\WinSxS\amd64_microsoft.windows.common-controls_6595b64144ccf1df_6.0.26100.9278_none_3e0d1ba8e3303201\COMCTL32.dll
0x00007ffa97420000 - 0x00007ffa9744b000 	C:\WINDOWS\System32\GDI32.dll
0x00007ffa97450000 - 0x00007ffa974f9000 	C:\WINDOWS\System32\msvcrt.dll
0x00007ffa94cc0000 - 0x00007ffa94de9000 	C:\WINDOWS\System32\gdi32full.dll
0x00007ffa954b0000 - 0x00007ffa95553000 	C:\WINDOWS\System32\msvcp_win.dll
0x00007ffa95c60000 - 0x00007ffa95c91000 	C:\WINDOWS\System32\IMM32.DLL
0x00007ffa90d70000 - 0x00007ffa90d7c000 	D:\Program Files\Android\Android Studio\jbr\bin\vcruntime140_1.dll
0x00007ffa63c90000 - 0x00007ffa63d1d000 	D:\Program Files\Android\Android Studio\jbr\bin\msvcp140.dll
0x00007ff9f53e0000 - 0x00007ff9f62bd000 	D:\Program Files\Android\Android Studio\jbr\bin\server\jvm.dll
0x00007ffa96530000 - 0x00007ffa965ec000 	C:\WINDOWS\System32\ADVAPI32.dll
0x00007ffa97730000 - 0x00007ffa977d9000 	C:\WINDOWS\System32\sechost.dll
0x00007ffa96630000 - 0x00007ffa96748000 	C:\WINDOWS\System32\RPCRT4.dll
0x00007ffa95d90000 - 0x00007ffa95e10000 	C:\WINDOWS\System32\WS2_32.dll
0x00007ffa943f0000 - 0x00007ffa9444e000 	C:\WINDOWS\SYSTEM32\POWRPROF.dll
0x00007ffa846b0000 - 0x00007ffa846e6000 	C:\WINDOWS\SYSTEM32\WINMM.dll
0x00007ffa8ce40000 - 0x00007ffa8ce4b000 	C:\WINDOWS\SYSTEM32\VERSION.dll
0x00007ffa943d0000 - 0x00007ffa943e5000 	C:\WINDOWS\SYSTEM32\UMPDC.dll
0x00007ffa936d0000 - 0x00007ffa936eb000 	C:\WINDOWS\SYSTEM32\kernel.appcore.dll
0x00007ffa8ed20000 - 0x00007ffa8ed2a000 	D:\Program Files\Android\Android Studio\jbr\bin\jimage.dll
0x00007ffa91ec0000 - 0x00007ffa9210c000 	C:\WINDOWS\SYSTEM32\DBGHELP.DLL
0x00007ffa95ee0000 - 0x00007ffa96265000 	C:\WINDOWS\System32\combase.dll
0x00007ffa96450000 - 0x00007ffa96529000 	C:\WINDOWS\System32\OLEAUT32.dll
0x00007ffa62f80000 - 0x00007ffa62fbb000 	C:\WINDOWS\SYSTEM32\dbgcore.DLL
0x00007ffa94df0000 - 0x00007ffa94e9c000 	C:\WINDOWS\System32\bcryptPrimitives.dll
0x00007ffa8ec50000 - 0x00007ffa8ec5e000 	D:\Program Files\Android\Android Studio\jbr\bin\instrument.dll
0x00007ffa85700000 - 0x00007ffa8571e000 	D:\Program Files\Android\Android Studio\jbr\bin\java.dll
0x00007ffa97500000 - 0x00007ffa9769a000 	C:\WINDOWS\System32\ole32.dll
0x00007ffa96c60000 - 0x00007ffa973f8000 	C:\WINDOWS\System32\SHELL32.dll
0x00007ffa84f10000 - 0x00007ffa84f26000 	D:\Program Files\Android\Android Studio\jbr\bin\zip.dll
0x00007ffa92480000 - 0x00007ffa92d2e000 	C:\WINDOWS\SYSTEM32\windows.storage.dll
0x00007ffa95760000 - 0x00007ffa9585b000 	C:\WINDOWS\System32\SHCORE.dll
0x00007ffa95d00000 - 0x00007ffa95d66000 	C:\WINDOWS\System32\shlwapi.dll
0x00007ffa94960000 - 0x00007ffa94989000 	C:\WINDOWS\SYSTEM32\profapi.dll
0x00007ffa8d5e0000 - 0x00007ffa8d5f0000 	D:\Program Files\Android\Android Studio\jbr\bin\net.dll
0x00007ffa93c70000 - 0x00007ffa93cdc000 	C:\WINDOWS\system32\mswsock.dll
0x00007ffa847a0000 - 0x00007ffa847b6000 	D:\Program Files\Android\Android Studio\jbr\bin\nio.dll
0x00007ffa84870000 - 0x00007ffa84880000 	D:\Program Files\Android\Android Studio\jbr\bin\verify.dll
0x00007ffa62c00000 - 0x00007ffa62c27000 	C:\Users\sunaan\.gradle\native\660c5614fbf4a5f2a75b1949f50a0caf5cd603558e7d8a26e50b933a0cfb79d1\windows-amd64\native-platform.dll
0x00007ffa85640000 - 0x00007ffa856b7000 	C:\Users\sunaan\.gradle\native\0.2.8\x86_64-windows-gnu\gradle-fileevents.dll
0x00007ffa85240000 - 0x00007ffa85249000 	D:\Program Files\Android\Android Studio\jbr\bin\management.dll
0x00007ffa84fe0000 - 0x00007ffa84feb000 	D:\Program Files\Android\Android Studio\jbr\bin\management_ext.dll
0x00007ffa95750000 - 0x00007ffa95758000 	C:\WINDOWS\System32\PSAPI.DLL
0x00007ffa93080000 - 0x00007ffa930b3000 	C:\WINDOWS\SYSTEM32\IPHLPAPI.DLL
0x00007ffa95d80000 - 0x00007ffa95d8a000 	C:\WINDOWS\System32\NSI.dll
0x00007ffa856f0000 - 0x00007ffa856f9000 	D:\Program Files\Android\Android Studio\jbr\bin\extnet.dll
0x00007ffa94090000 - 0x00007ffa940ab000 	C:\WINDOWS\SYSTEM32\CRYPTSP.dll
0x00007ffa93630000 - 0x00007ffa93669000 	C:\WINDOWS\system32\rsaenh.dll
0x00007ffa93d20000 - 0x00007ffa93d54000 	C:\WINDOWS\SYSTEM32\USERENV.dll
0x00007ffa94930000 - 0x00007ffa9495a000 	C:\WINDOWS\SYSTEM32\bcrypt.dll
0x00007ffa93ed0000 - 0x00007ffa93edc000 	C:\WINDOWS\SYSTEM32\CRYPTBASE.dll
0x00007ffa76070000 - 0x00007ffa76078000 	C:\WINDOWS\system32\wshunix.dll
0x00007ffa66a70000 - 0x00007ffa66a88000 	C:\WINDOWS\system32\napinsp.dll
0x00007ffa930c0000 - 0x00007ffa93218000 	C:\WINDOWS\SYSTEM32\DNSAPI.dll
0x00007ffa93a90000 - 0x00007ffa93a9d000 	C:\WINDOWS\SYSTEM32\DSPARSE.dll
0x00007ffa65ed0000 - 0x00007ffa65ee3000 	C:\WINDOWS\System32\winrnr.dll
0x00007ffa4f310000 - 0x00007ffa4f337000 	C:\WINDOWS\system32\nlansp_c.dll
0x00007ffa8c890000 - 0x00007ffa8c8a6000 	C:\WINDOWS\system32\wshbth.dll
0x00007ffa8bfa0000 - 0x00007ffa8bfab000 	C:\Windows\System32\rasadhlp.dll
0x00007ffa8b560000 - 0x00007ffa8b5e6000 	C:\WINDOWS\System32\fwpuclnt.dll
0x00007ffa84ff0000 - 0x00007ffa84ff7000 	D:\Program Files\Android\Android Studio\jbr\bin\rmi.dll

JVMTI agents:
C:\Users\sunaan\.gradle\wrapper\dists\gradle-9.6.0-bin\42k10rwplmzkhuboz9kdazi7s\gradle-9.6.0\lib\agents\gradle-instrumentation-agent-9.6.0.jar path:D:\Program Files\Android\Android Studio\jbr\bin\instrument.dll, loaded, initialized, instrumentlib options:none

dbghelp: loaded successfully - version: 4.0.5 - missing functions: none
symbol engine: initialized successfully - sym options: 0x614 - pdb path: .;D:\Program Files\Android\Android Studio\jbr\bin;C:\WINDOWS\SYSTEM32;C:\WINDOWS\WinSxS\amd64_microsoft.windows.common-controls_6595b64144ccf1df_6.0.26100.9278_none_3e0d1ba8e3303201;D:\Program Files\Android\Android Studio\jbr\bin\server;C:\Users\sunaan\.gradle\native\660c5614fbf4a5f2a75b1949f50a0caf5cd603558e7d8a26e50b933a0cfb79d1\windows-amd64;C:\Users\sunaan\.gradle\native\0.2.8\x86_64-windows-gnu

VM Arguments:
jvm_args: --add-opens=java.base/java.lang=ALL-UNNAMED --add-opens=java.base/java.lang.invoke=ALL-UNNAMED --add-opens=java.base/java.util=ALL-UNNAMED --add-opens=java.prefs/java.util.prefs=ALL-UNNAMED --add-exports=jdk.compiler/com.sun.tools.javac.api=ALL-UNNAMED --add-exports=jdk.compiler/com.sun.tools.javac.util=ALL-UNNAMED --add-opens=java.base/java.nio.charset=ALL-UNNAMED --add-opens=java.base/java.net=ALL-UNNAMED --add-opens=java.base/java.util.concurrent=ALL-UNNAMED --add-opens=java.base/java.util.concurrent.atomic=ALL-UNNAMED --add-opens=java.xml/javax.xml.namespace=ALL-UNNAMED --add-opens=java.base/java.time=ALL-UNNAMED --enable-native-access=ALL-UNNAMED -Xmx2048m -Dfile.encoding=UTF-8 -Duser.country=US -Duser.language=en -Duser.variant -javaagent:C:\Users\sunaan\.gradle\wrapper\dists\gradle-9.6.0-bin\42k10rwplmzkhuboz9kdazi7s\gradle-9.6.0\lib\agents\gradle-instrumentation-agent-9.6.0.jar 
java_command: org.gradle.launcher.daemon.bootstrap.GradleDaemon 9.6.0
java_class_path (initial): C:\Users\sunaan\.gradle\wrapper\dists\gradle-9.6.0-bin\42k10rwplmzkhuboz9kdazi7s\gradle-9.6.0\lib\gradle-daemon-main-9.6.0.jar
Launcher Type: SUN_STANDARD

[Global flags]
     intx CICompilerCount                          = 12                                        {product} {ergonomic}
     uint ConcGCThreads                            = 3                                         {product} {ergonomic}
     uint G1ConcRefinementThreads                  = 13                                        {product} {ergonomic}
   size_t G1HeapRegionSize                         = 1048576                                   {product} {ergonomic}
   size_t InitialHeapSize                          = 264241152                                 {product} {ergonomic}
   size_t MarkStackSize                            = 4194304                                   {product} {ergonomic}
   size_t MarkStackSizeMax                         = 536870912                                 {product} {ergonomic}
   size_t MaxHeapSize                              = 2147483648                                {product} {command line}
   size_t MaxNewSize                               = 1287651328                                {product} {ergonomic}
   size_t MinHeapDeltaBytes                        = 1048576                                   {product} {ergonomic}
   size_t MinHeapSize                              = 8388608                                   {product} {ergonomic}
    uintx NonNMethodCodeHeapSize                   = 7667712                                {pd product} {ergonomic}
    uintx NonProfiledCodeHeapSize                  = 122028032                              {pd product} {ergonomic}
    uintx ProfiledCodeHeapSize                     = 122028032                              {pd product} {ergonomic}
    uintx ReservedCodeCacheSize                    = 251723776                              {pd product} {ergonomic}
     bool SegmentedCodeCache                       = true                                      {product} {ergonomic}
   size_t SoftMaxHeapSize                          = 2147483648                             {manageable} {ergonomic}
     bool UseCompressedOops                        = true                           {product lp64_product} {ergonomic}
     bool UseG1GC                                  = true                                      {product} {ergonomic}
     bool UseLargePagesIndividualAllocation        = false                                  {pd product} {ergonomic}

Logging:
Log output configuration:
 #0: stdout all=warning uptime,level,tags foldmultilines=false
 #1: stderr all=off uptime,level,tags foldmultilines=false

Release file:
JAVA_VERSION="25.0.3" 
MODULES="java.base java.compiler java.datatransfer java.xml java.prefs java.desktop java.instrument java.logging java.management java.security.sasl java.naming java.rmi java.management.rmi java.net.http java.scripting java.security.jgss java.transaction.xa java.sql java.sql.rowset java.xml.crypto java.se java.smartcardio jdk.accessibility jdk.internal.jvmstat jdk.attach jdk.charsets jdk.internal.opt jdk.zipfs jdk.compiler jdk.crypto.cryptoki jdk.crypto.ec jdk.dynalink jdk.hotspot.agent jdk.httpserver jdk.internal.ed jdk.internal.le jdk.internal.md jdk.internal.vm.ci jdk.jartool jdk.javadoc jdk.jcmd jdk.jdeps jdk.jdwp.agent jdk.jdi jdk.jfr jdk.jlink jdk.localedata jdk.management jdk.management.agent jdk.management.jfr jdk.naming.dns jdk.naming.rmi jdk.net jdk.sctp jdk.security.auth jdk.security.jgss jdk.unsupported jdk.unsupported.desktop jdk.xml.dom" 
IMPLEMENTOR="JetBrains s.r.o." 
JAVA_RUNTIME_VERSION="25.0.3+-15898627-b508.16" 
LIBC="default" 
OS_ARCH="x86_64" 
OS_NAME="Windows" 
SOURCE=".:git:a8b1dba3234f" 

Environment Variables:
JAVA_HOME=D:\Program Files\Android\Android Studio\jbr
PATH=D:\Program Files\Android\Android Studio\jbr\bin;C:\WINDOWS\system32;C:\WINDOWS;C:\WINDOWS\System32\Wbem;C:\WINDOWS\System32\WindowsPowerShell\v1.0\;C:\WINDOWS\System32\OpenSSH\;C:\Program Files\NVIDIA Corporation\NVIDIA App\NvDLISR;C:\Program Files (x86)\NVIDIA Corporation\PhysX\Common;C:\Program Files\Git\cmd;C:\Program Files\nodejs\;C:\Program Files\WinDirStat\;C:\Program Files\dotnet\;C:\Users\sunaan\AppData\Local\Programs\Python\Python313\Scripts\;C:\Users\sunaan\AppData\Local\Programs\Python\Python313\;C:\Users\sunaan\AppData\Local\Programs\Python\Launcher\;C:\Users\sunaan\AppData\Local\Microsoft\WindowsApps;C:\Users\sunaan\AppData\Local\GitHubDesktop\bin;C:\Users\sunaan\AppData\Roaming\npm;C:\Users\sunaan\.dotnet\tools;C:\Users\sunaan\AppData\Local\Programs\Microsoft VS Code\bin;C:\Users\sunaan\.local\bin
USERNAME=sunaan
OS=Windows_NT
PROCESSOR_IDENTIFIER=Intel64 Family 6 Model 154 Stepping 3, GenuineIntel
TMP=C:\Users\sunaan\AppData\Local\Temp
TEMP=C:\Users\sunaan\AppData\Local\Temp




Compilation memory statistics disabled.

Periodic native trim disabled

JNI global refs:
JNI global refs: 31, weak refs: 240

JNI global refs memory usage: 835, weak refs: 3993

Process memory usage:
Resident Set Size: 743000K (4% of 16456184K total physical memory with 318304K free physical memory)

OOME stack traces (most recent first):
Classloader memory used:
Loader org.gradle.internal.classloader.VisitableURLClassLoader$InstrumentingVisitableURLClassLoader: 64694 K
Loader org.gradle.internal.classloader.VisitableURLClassLoader                         : 50311 K
Loader bootstrap                                                                       : 31540 K
Loader org.gradle.initialization.MixInLegacyTypesClassLoader                           : 16966 K
Loader java.net.URLClassLoader                                                         : 4520 K
Loader org.gradle.internal.classloader.VisitableURLClassLoader                         : 220 K
Loader jdk.internal.loader.ClassLoaders$AppClassLoader                                 : 186 K
Loader jdk.internal.loader.ClassLoaders$PlatformClassLoader                            : 130 K

Classes loaded by more than one classloader:
Class Program                                                                         : loaded 5 times (x 74B)
Class Build_gradle                                                                    : loaded 3 times (x 128B)
Class com.google.common.io.LineReader                                                 : loaded 2 times (x 74B)
Class com.google.common.base.PairwiseEquivalence                                      : loaded 2 times (x 85B)
Class com.google.common.base.Equivalence$Identity                                     : loaded 2 times (x 84B)
Class com.google.common.collect.RegularImmutableMap$KeySet                            : loaded 2 times (x 154B)
Class org.gradle.internal.classloader.FilteringClassLoader                            : loaded 2 times (x 106B)
Class kotlin.io.FilesKt__FileTreeWalkKt                                               : loaded 2 times (x 73B)
Class kotlin.sequences.FilteringSequence$iterator$1                                   : loaded 2 times (x 81B)
Class kotlin.sequences.SequencesKt__SequenceBuilderKt                                 : loaded 2 times (x 73B)
Class kotlin.collections.CollectionsKt__ReversedViewsKt                               : loaded 2 times (x 73B)
Class com.google.common.cache.LocalCache$ValueIterator                                : loaded 2 times (x 88B)
Class [Lcom.google.common.collect.MapMakerInternalMap$Segment;                        : loaded 2 times (x 71B)
Class com.google.common.io.FileWriteMode                                              : loaded 2 times (x 81B)
Class [Lcom.google.common.base.AbstractIterator$State;                                : loaded 2 times (x 71B)
Class com.google.common.base.CharMatcher$IsEither                                     : loaded 2 times (x 113B)
Class org.gradle.internal.classloader.ClassLoaderHierarchy                            : loaded 2 times (x 72B)
Class com.google.common.collect.AbstractMapBasedMultimap$WrappedCollection            : loaded 2 times (x 126B)
Class com.google.common.collect.ImmutableEnumSet                                      : loaded 2 times (x 148B)
Class com.google.common.collect.ImmutableList$1                                       : loaded 2 times (x 99B)
Class com.google.common.util.concurrent.ExecutionError                                : loaded 2 times (x 84B)
Class com.google.common.io.ByteArrayDataOutput                                        : loaded 2 times (x 72B)
Class com.google.common.collect.RegularImmutableMap                                   : loaded 2 times (x 122B)
Class com.google.common.collect.ImmutableMap$MapViewOfValuesAsSingletonSets           : loaded 2 times (x 128B)
Class com.google.common.cache.LocalCache$Values                                       : loaded 2 times (x 120B)
Class [Lorg.objectweb.asm.Symbol;                                                     : loaded 2 times (x 71B)
Class org.objectweb.asm.ClassVisitor                                                  : loaded 2 times (x 90B)
Class com.google.common.collect.UnmodifiableListIterator                              : loaded 2 times (x 97B)
Class com.google.common.collect.MapMakerInternalMap$StrongKeyDummyValueEntry$LinkedStrongKeyDummyValueEntry: loaded 2 times (x 84B)
Class com.google.common.collect.MapMakerInternalMap$Strength                          : loaded 2 times (x 82B)
Class com.google.common.base.Platform$JdkPatternCompiler                              : loaded 2 times (x 77B)
Class org.objectweb.asm.MethodTooLargeException                                       : loaded 2 times (x 84B)
Class [Lcom.google.common.cache.CacheBuilder$OneWeigher;                              : loaded 2 times (x 71B)
Class com.google.common.base.Suppliers                                                : loaded 2 times (x 73B)
Class org.gradle.internal.classloader.DefaultClassLoaderFactory                       : loaded 2 times (x 84B)
Class kotlin.sequences.SequencesKt___SequencesKt                                      : loaded 2 times (x 73B)
Class kotlin.collections.AbstractList$Companion                                       : loaded 2 times (x 73B)
Class [Lcom.google.common.collect.AbstractIterator$State;                             : loaded 2 times (x 71B)
Class com.google.common.base.CharMatcher$None                                         : loaded 2 times (x 114B)
Class [Lcom.google.common.collect.ImmutableMapEntry;                                  : loaded 2 times (x 71B)
Class kotlin.text.StringsKt__AppendableKt                                             : loaded 2 times (x 73B)
Class com.google.common.collect.ListMultimap                                          : loaded 2 times (x 72B)
Class com.google.common.collect.ImmutableEnumMap                                      : loaded 2 times (x 128B)
Class [Lkotlin.reflect.KCallable;                                                     : loaded 2 times (x 71B)
Class com.google.common.base.Splitter                                                 : loaded 2 times (x 74B)
Class com.google.common.collect.ImmutableSet$SerializedForm                           : loaded 2 times (x 75B)
Class com.google.common.collect.Sets$1                                                : loaded 2 times (x 143B)
Class org.objectweb.asm.AnnotationVisitor                                             : loaded 2 times (x 80B)
Class org.gradle.api.internal.DefaultClassPathProvider                                : loaded 2 times (x 78B)
Class kotlin.sequences.Sequence                                                       : loaded 2 times (x 72B)
Class kotlin.text.StringsKt__StringNumberConversionsJVMKt                             : loaded 2 times (x 73B)
Class com.google.common.collect.MapMakerInternalMap$Strength$1                        : loaded 2 times (x 82B)
Class com.google.common.collect.Maps$ViewCachingAbstractMap                           : loaded 2 times (x 127B)
Class com.google.common.collect.Sets$2                                                : loaded 2 times (x 143B)
Class [Lorg.gradle.api.internal.ClassPathProvider;                                    : loaded 2 times (x 71B)
Class org.gradle.api.internal.ClassPathProvider                                       : loaded 2 times (x 72B)
Class com.google.common.collect.MapMakerInternalMap$Strength$2                        : loaded 2 times (x 82B)
Class com.google.common.base.AbstractIterator$State                                   : loaded 2 times (x 81B)
Class [Lorg.objectweb.asm.AnnotationVisitor;                                          : loaded 2 times (x 71B)
Class com.google.common.collect.Sets$3                                                : loaded 2 times (x 143B)
Class com.google.common.cache.LocalCache$LocalLoadingCache                            : loaded 2 times (x 136B)
Class org.gradle.internal.service.UnknownServiceException                             : loaded 2 times (x 85B)
Class com.google.common.io.ByteArrayDataInput                                         : loaded 2 times (x 72B)
Class com.google.common.collect.MapMakerInternalMap$StrongValueEntry                  : loaded 2 times (x 72B)
Class com.google.common.collect.Sets$4                                                : loaded 2 times (x 143B)
Class org.objectweb.asm.ModuleVisitor                                                 : loaded 2 times (x 83B)
Class com.google.common.cache.LocalCache$Strength$1                                   : loaded 2 times (x 83B)
Class com.google.common.util.concurrent.SettableFuture                                : loaded 2 times (x 116B)
Class com.google.common.cache.LocalCache$Strength$2                                   : loaded 2 times (x 83B)
Class kotlin.collections.ArraysKt___ArraysJvmKt                                       : loaded 2 times (x 73B)
Class kotlin.collections.CollectionsKt__CollectionsKt                                 : loaded 2 times (x 73B)
Class kotlin.text.StringsKt__RegexExtensionsJVMKt                                     : loaded 2 times (x 73B)
Class com.google.common.io.ByteStreams                                                : loaded 2 times (x 73B)
Class com.google.common.collect.Interners$InternerImpl                                : loaded 2 times (x 77B)
Class com.google.common.collect.Interner                                              : loaded 2 times (x 72B)
Class com.google.common.base.Splitter$1                                               : loaded 2 times (x 79B)
Class com.google.common.cache.LocalCache$Strength$3                                   : loaded 2 times (x 83B)
Class com.google.common.collect.MapDifference                                         : loaded 2 times (x 72B)
Class kotlin._Assertions                                                              : loaded 2 times (x 73B)
Class com.google.common.collect.MapMaker$Dummy                                        : loaded 2 times (x 81B)
Class org.objectweb.asm.FieldWriter                                                   : loaded 2 times (x 79B)
Class com.google.common.cache.CacheBuilder$NullListener                               : loaded 2 times (x 84B)
Class org.gradle.internal.classpath.TransformedClassPath                              : loaded 2 times (x 98B)
Class org.gradle.internal.classloader.InstrumentingClassLoader                        : loaded 2 times (x 72B)
Class kotlin.jvm.internal.FunctionReference                                           : loaded 2 times (x 124B)
Class kotlin.jvm.internal.FunctionBase                                                : loaded 2 times (x 72B)
Class kotlin.enums.EnumEntriesList                                                    : loaded 2 times (x 225B)
Class com.google.common.collect.ImmutableListMultimap                                 : loaded 2 times (x 178B)
Class com.google.common.collect.Iterators$ArrayItr                                    : loaded 2 times (x 99B)
Class com.google.common.cache.CacheLoader$FunctionToCacheLoader                       : loaded 2 times (x 77B)
Class com.google.common.collect.ImmutableCollection$Builder                           : loaded 2 times (x 78B)
Class kotlin.comparisons.ComparisonsKt___ComparisonsJvmKt                             : loaded 2 times (x 73B)
Class kotlin.collections.CollectionsKt__IteratorsJVMKt                                : loaded 2 times (x 73B)
Class kotlin.text.StringsKt__StringsKt                                                : loaded 2 times (x 73B)
Class com.google.common.collect.BaseImmutableMultimap                                 : loaded 2 times (x 125B)
Class com.google.common.base.Joiner                                                   : loaded 2 times (x 82B)
Class com.google.common.base.MoreObjects                                              : loaded 2 times (x 73B)
Class [Lorg.jetbrains.kotlin.com.intellij.openapi.diagnostic.LogLevel;                : loaded 2 times (x 71B)
Class org.jetbrains.kotlin.build.report.metrics.GradleBuildTime                       : loaded 2 times (x 88B)
Class com.google.common.collect.Platform                                              : loaded 2 times (x 73B)
Class [Lorg.objectweb.asm.Type;                                                       : loaded 2 times (x 71B)
Class com.google.common.collect.UnmodifiableIterator                                  : loaded 2 times (x 82B)
Class org.gradle.internal.service.ServiceLocator                                      : loaded 2 times (x 72B)
Class kotlin.Pair                                                                     : loaded 2 times (x 74B)
Class [Lkotlin.Function;                                                              : loaded 2 times (x 71B)
Class com.google.common.collect.SingletonImmutableBiMap                               : loaded 2 times (x 145B)
Class com.google.common.base.Ascii                                                    : loaded 2 times (x 73B)
Class com.google.common.collect.Iterators$SingletonIterator                           : loaded 2 times (x 83B)
Class com.google.common.cache.LocalCache$1                                            : loaded 2 times (x 91B)
Class com.google.common.collect.AbstractMapEntry                                      : loaded 2 times (x 83B)
Class kotlin.io.CloseableKt                                                           : loaded 2 times (x 73B)
Class kotlin.collections.CollectionsKt__MutableCollectionsKt                          : loaded 2 times (x 73B)
Class com.google.common.collect.MapMakerInternalMap$AbstractStrongKeyEntry            : loaded 2 times (x 82B)
Class com.google.common.collect.Sets$ImprovedAbstractSet                              : loaded 2 times (x 137B)
Class com.google.common.collect.ImmutableList$Builder                                 : loaded 2 times (x 79B)
Class com.google.common.collect.AbstractMultimap                                      : loaded 2 times (x 125B)
Class com.google.common.cache.LocalCache$2                                            : loaded 2 times (x 144B)
Class kotlin.reflect.KCallable                                                        : loaded 2 times (x 72B)
Class kotlin.io.TerminateException                                                    : loaded 2 times (x 84B)
Class kotlin.io.FilesKt__FilePathComponentsKt                                         : loaded 2 times (x 73B)
Class com.google.common.collect.RegularImmutableAsList                                : loaded 2 times (x 219B)
Class com.google.common.base.Optional                                                 : loaded 2 times (x 82B)
Class com.google.common.util.concurrent.AbstractFuture$Trusted                        : loaded 2 times (x 72B)
Class com.google.common.collect.Iterators                                             : loaded 2 times (x 73B)
Class [Lorg.jetbrains.kotlin.build.report.metrics.BuildTime;                          : loaded 2 times (x 71B)
Class com.google.common.io.ByteSink$AsCharSink                                        : loaded 2 times (x 82B)
Class com.google.common.collect.Lists$StringAsImmutableList                           : loaded 2 times (x 209B)
Class com.google.common.util.concurrent.UncheckedExecutionException                   : loaded 2 times (x 84B)
Class org.gradle.kotlin.dsl.VersionCatalogAccessorsKt                                 : loaded 2 times (x 73B)
Class kotlin.collections.EmptyList                                                    : loaded 2 times (x 176B)
Class kotlin.collections.MapsKt__MapsJVMKt                                            : loaded 2 times (x 73B)
Class com.google.common.collect.AbstractMapBasedMultimap$KeySet$1                     : loaded 2 times (x 84B)
Class org.objectweb.asm.ClassWriter                                                   : loaded 2 times (x 107B)
Class com.google.common.cache.CacheLoader$UnsupportedLoadingOperationException        : loaded 2 times (x 84B)
Class com.google.common.base.CharMatcher$And                                          : loaded 2 times (x 114B)
Class com.google.common.collect.FluentIterable$1                                      : loaded 2 times (x 83B)
Class com.google.common.base.Objects                                                  : loaded 2 times (x 73B)
Class org.objectweb.asm.FieldVisitor                                                  : loaded 2 times (x 79B)
Class com.google.common.collect.IndexedImmutableSet                                   : loaded 2 times (x 154B)
Class com.google.common.collect.ImmutableMap$1                                        : loaded 2 times (x 83B)
Class com.google.common.collect.BiMap                                                 : loaded 2 times (x 72B)
Class org.gradle.api.internal.classpath.DefaultModuleRegistry$DefaultModule           : loaded 2 times (x 84B)
Class com.google.common.base.Absent                                                   : loaded 2 times (x 82B)
Class com.google.common.collect.FluentIterable$2                                      : loaded 2 times (x 83B)
Class com.google.common.primitives.Ints                                               : loaded 2 times (x 73B)
Class com.google.common.collect.AbstractIterator                                      : loaded 2 times (x 84B)
Class kotlin.collections.IndexingIterable                                             : loaded 2 times (x 81B)
Class kotlin.collections.ArraysKt__ArraysKt                                           : loaded 2 times (x 73B)
Class com.google.common.collect.FluentIterable$3                                      : loaded 2 times (x 83B)
Class com.google.common.collect.ObjectArrays                                          : loaded 2 times (x 73B)
Class com.google.common.math.MathPreconditions                                        : loaded 2 times (x 73B)
Class com.google.common.collect.Multiset                                              : loaded 2 times (x 72B)
Class com.google.common.collect.ArrayListMultimapGwtSerializationDependencies         : loaded 2 times (x 173B)
Class com.google.common.collect.AbstractIndexedListIterator                           : loaded 2 times (x 98B)
Class kotlin.collections.SetsKt__SetsJVMKt                                            : loaded 2 times (x 73B)
Class kotlin.Function                                                                 : loaded 2 times (x 72B)
Class com.google.common.collect.ImmutableMapEntrySet                                  : loaded 2 times (x 154B)
Class org.gradle.api.internal.classpath.Module                                        : loaded 2 times (x 72B)
Class kotlin.io.FileAlreadyExistsException                                            : loaded 2 times (x 84B)
Class com.google.common.cache.Weigher                                                 : loaded 2 times (x 72B)
Class org.gradle.api.internal.classpath.UnknownModuleException                        : loaded 2 times (x 84B)
Class com.google.common.base.Stopwatch                                                : loaded 2 times (x 74B)
Class com.google.common.cache.LocalCache$Strength                                     : loaded 2 times (x 83B)
Class com.google.common.cache.Cache                                                   : loaded 2 times (x 72B)
Class kotlin.collections.IndexingIterator                                             : loaded 2 times (x 81B)
Class org.jetbrains.kotlin.build.report.metrics.BuildMetricsReporter                  : loaded 2 times (x 72B)
Class com.google.common.io.AppendableWriter                                           : loaded 2 times (x 101B)
Class com.google.common.base.NullnessCasts                                            : loaded 2 times (x 73B)
Class com.google.common.util.concurrent.AbstractFuture$Cancellation                   : loaded 2 times (x 74B)
Class com.google.common.collect.ImmutableMap$Builder                                  : loaded 2 times (x 84B)
Class [Lkotlin.reflect.KAnnotatedElement;                                             : loaded 2 times (x 71B)
Class kotlin.io.ByteStreamsKt                                                         : loaded 2 times (x 73B)
Class com.google.common.base.Present                                                  : loaded 2 times (x 83B)
Class com.google.common.cache.RemovalListener                                         : loaded 2 times (x 72B)
Class org.gradle.api.internal.DefaultClassPathRegistry                                : loaded 2 times (x 78B)
Class com.google.common.collect.ImmutableMultimap$Keys                                : loaded 2 times (x 168B)
Class com.google.common.primitives.IntsMethodsForWeb                                  : loaded 2 times (x 73B)
Class com.google.common.collect.Multimap                                              : loaded 2 times (x 72B)
Class org.gradle.internal.classpath.DefaultClassPath$ImmutableUniqueList              : loaded 2 times (x 201B)
Class org.gradle.api.internal.ClassPathRegistry                                       : loaded 2 times (x 72B)
Class kotlin.text.StringsKt__StringsJVMKt                                             : loaded 2 times (x 73B)
Class com.google.common.collect.NullnessCasts                                         : loaded 2 times (x 73B)
Class com.google.common.collect.MapMakerInternalMap$Segment                           : loaded 2 times (x 143B)
Class com.google.common.base.ExtraObjectsMethodsForWeb                                : loaded 2 times (x 73B)
Class kotlin.collections.SetsKt                                                       : loaded 2 times (x 73B)
Class kotlin.text.StringsKt__IndentKt                                                 : loaded 2 times (x 73B)
Class com.google.common.collect.EmptyImmutableListMultimap                            : loaded 2 times (x 178B)
Class com.google.common.io.ByteSink                                                   : loaded 2 times (x 78B)
Class com.google.common.collect.SingletonImmutableList                                : loaded 2 times (x 209B)
Class com.google.common.cache.CacheBuilder                                            : loaded 2 times (x 74B)
Class Settings_gradle$1                                                               : loaded 2 times (x 76B)
Class org.gradle.internal.classpath.ClassPath                                         : loaded 2 times (x 72B)
Class kotlin.reflect.KFunction                                                        : loaded 2 times (x 72B)
Class com.google.common.collect.Interners$InternerBuilder                             : loaded 2 times (x 78B)
Class com.google.common.io.Files$FileByteSource                                       : loaded 2 times (x 87B)
Class com.google.common.base.JdkPattern                                               : loaded 2 times (x 77B)
Class com.google.common.collect.ImmutableList$ReverseImmutableList                    : loaded 2 times (x 211B)
Class org.jetbrains.kotlin.com.intellij.openapi.diagnostic.Logger                     : loaded 2 times (x 101B)
Class kotlin.collections.MapsKt__MapsKt                                               : loaded 2 times (x 73B)
Class com.google.common.io.CharStreams$NullWriter                                     : loaded 2 times (x 101B)
Class com.google.errorprone.annotations.DoNotMock                                     : loaded 2 times (x 72B)
Class org.objectweb.asm.SymbolTable$Entry                                             : loaded 2 times (x 75B)
Class org.gradle.api.internal.classpath.DefaultModuleRegistry$DefaultModuleAlias      : loaded 2 times (x 82B)
Class org.objectweb.asm.Edge                                                          : loaded 2 times (x 74B)
Class com.google.common.collect.Iterators$1                                           : loaded 2 times (x 83B)
Class com.google.common.base.Suppliers$SupplierOfInstance                             : loaded 2 times (x 81B)
Class kotlin.UninitializedPropertyAccessException                                     : loaded 2 times (x 84B)
Class com.google.common.collect.SingletonImmutableSet                                 : loaded 2 times (x 148B)
Class com.google.common.cache.LocalCache$ComputingValueReference                      : loaded 2 times (x 98B)
Class com.google.common.collect.ImmutableMap$IteratorBasedImmutableMap                : loaded 2 times (x 128B)
Class com.google.common.cache.LocalCache$Segment                                      : loaded 2 times (x 155B)
Class com.google.common.collect.AbstractListMultimap                                  : loaded 2 times (x 173B)
Class [Lorg.objectweb.asm.SymbolTable$Entry;                                          : loaded 2 times (x 71B)
Class com.google.common.collect.Iterators$4                                           : loaded 2 times (x 84B)
Class com.google.common.cache.CacheLoader                                             : loaded 2 times (x 76B)
Class com.google.common.collect.ImmutableBiMap                                        : loaded 2 times (x 145B)
Class org.gradle.api.internal.classpath.ModuleRegistry                                : loaded 2 times (x 72B)
Class org.gradle.internal.installation.GradleInstallation$1                           : loaded 2 times (x 77B)
Class com.google.common.base.Splitter$SplittingIterator                               : loaded 2 times (x 85B)
Class com.google.common.collect.ImmutableSet$JdkBackedSetBuilderImpl                  : loaded 2 times (x 78B)
Class com.google.common.util.concurrent.internal.InternalFutureFailureAccess          : loaded 2 times (x 74B)
Class com.google.common.collect.Iterators$5                                           : loaded 2 times (x 84B)
Class com.google.common.collect.ImmutableMultimap$Values                              : loaded 2 times (x 128B)
Class com.google.common.cache.LocalCache$LocalManualCache$1                           : loaded 2 times (x 77B)
Class com.google.common.base.CharMatcher$ForPredicate                                 : loaded 2 times (x 114B)
Class kotlin.io.FilesKt__UtilsKt                                                      : loaded 2 times (x 73B)
Class kotlin.collections.CollectionsKt__CollectionsJVMKt                              : loaded 2 times (x 73B)
Class com.google.common.base.CharMatcher$AnyOf                                        : loaded 2 times (x 114B)
Class com.google.common.collect.ImmutableCollection                                   : loaded 2 times (x 127B)
Class org.gradle.api.internal.classpath.DefaultModuleRegistry                         : loaded 2 times (x 86B)
Class kotlin.collections.IndexedValue                                                 : loaded 2 times (x 74B)
Class kotlin.sequences.SequencesKt                                                    : loaded 2 times (x 73B)
Class kotlin.collections.CollectionsKt__IteratorsKt                                   : loaded 2 times (x 73B)
Class org.jetbrains.kotlin.build.report.metrics.GradleBuildTime$Companion             : loaded 2 times (x 73B)
Class com.google.common.collect.Lists                                                 : loaded 2 times (x 73B)
Class com.google.common.util.concurrent.ListenableFuture                              : loaded 2 times (x 72B)
Class com.google.common.cache.ReferenceEntry                                          : loaded 2 times (x 72B)
Class com.google.common.base.Converter                                                : loaded 2 times (x 92B)
Class com.google.common.collect.ImmutableSet$CachingAsList                            : loaded 2 times (x 150B)
Class org.jetbrains.kotlin.com.intellij.openapi.diagnostic.Logger$DefaultFactory      : loaded 2 times (x 76B)
Class kotlin.text.StringsKt                                                           : loaded 2 times (x 73B)
Class com.google.common.collect.AbstractMapBasedMultimap                              : loaded 2 times (x 140B)
Class com.google.common.util.concurrent.AbstractFuture                                : loaded 2 times (x 108B)
Class com.google.common.collect.Iterators$9                                           : loaded 2 times (x 83B)
Class com.google.common.collect.ImmutableAsList                                       : loaded 2 times (x 211B)
Class com.google.common.base.FunctionalEquivalence                                    : loaded 2 times (x 85B)
Class kotlin.LazyKt__LazyJVMKt                                                        : loaded 2 times (x 73B)
Class com.google.common.io.CharStreams                                                : loaded 2 times (x 73B)
Class com.google.common.collect.ImmutableMultiset                                     : loaded 2 times (x 165B)
Class org.objectweb.asm.RecordComponentVisitor                                        : loaded 2 times (x 79B)
Class com.google.common.cache.CacheLoader$SupplierToCacheLoader                       : loaded 2 times (x 77B)
Class kotlin.io.FilesKt__FileReadWriteKt                                              : loaded 2 times (x 73B)
Class kotlin.text.StringsKt__StringNumberConversionsKt                                : loaded 2 times (x 73B)
Class com.google.common.collect.Maps$EntryTransformer                                 : loaded 2 times (x 72B)
Class org.gradle.internal.service.ServiceLookupException                              : loaded 2 times (x 84B)
Class org.jetbrains.kotlin.com.intellij.openapi.diagnostic.LogLevel                   : loaded 2 times (x 81B)
Class [Lcom.google.common.cache.LocalCache$EntryFactory;                              : loaded 2 times (x 71B)
Class org.gradle.internal.classloader.ClassLoaderFactory                              : loaded 2 times (x 72B)
Class com.google.common.base.CommonPattern                                            : loaded 2 times (x 76B)
Class com.google.common.cache.LocalCache$LocalManualCache                             : loaded 2 times (x 101B)
Class com.google.common.base.CharMatcher$IsNot                                        : loaded 2 times (x 113B)
Class org.gradle.internal.service.CachingServiceLocator                               : loaded 2 times (x 84B)
Class kotlin.jvm.internal.CallableReference                                           : loaded 2 times (x 108B)
Class com.google.common.collect.AbstractMapBasedMultimap$KeySet                       : loaded 2 times (x 139B)
Class com.google.common.math.IntMath                                                  : loaded 2 times (x 73B)
Class org.jetbrains.kotlin.build.report.metrics.BuildTime                             : loaded 2 times (x 72B)
Class com.google.common.collect.MapMakerInternalMap$InternalEntry                     : loaded 2 times (x 72B)
Class com.google.common.collect.ImmutableMapEntry                                     : loaded 2 times (x 87B)
Class kotlin.enums.EnumEntries                                                        : loaded 2 times (x 72B)
Class org.jetbrains.kotlin.build.report.metrics.DoNothingBuildMetricsReporter         : loaded 2 times (x 88B)
Class com.google.common.collect.ImmutableMultimap                                     : loaded 2 times (x 148B)
Class com.google.common.base.Equivalence                                              : loaded 2 times (x 84B)
Class com.google.common.base.Function                                                 : loaded 2 times (x 72B)
Class com.google.common.collect.ImmutableMapEntry$NonTerminalImmutableMapEntry        : loaded 2 times (x 87B)
Class com.google.common.collect.IndexedImmutableSet$1                                 : loaded 2 times (x 215B)
Class com.google.common.collect.RegularImmutableList                                  : loaded 2 times (x 215B)
Class com.google.common.cache.CacheBuilder$OneWeigher                                 : loaded 2 times (x 84B)
Class org.jetbrains.kotlin.com.intellij.openapi.diagnostic.Logger$Factory             : loaded 2 times (x 72B)
Class org.gradle.internal.classloader.ClasspathUtil                                   : loaded 2 times (x 73B)
Class kotlin.io.FileSystemException                                                   : loaded 2 times (x 84B)
Class com.google.common.util.concurrent.Uninterruptibles                              : loaded 2 times (x 73B)
Class com.google.common.util.concurrent.LazyLogger                                    : loaded 2 times (x 74B)
Class com.google.common.collect.Maps                                                  : loaded 2 times (x 73B)
Class org.gradle.api.specs.Spec                                                       : loaded 2 times (x 72B)
Class com.google.common.collect.MapMaker                                              : loaded 2 times (x 74B)
Class [Lcom.google.common.collect.ImmutableEntry;                                     : loaded 2 times (x 71B)
Class com.google.common.cache.LocalCache$LoadingValueReference                        : loaded 2 times (x 98B)
Class kotlin.collections.EmptyIterator                                                : loaded 2 times (x 91B)
Class kotlin.SynchronizedLazyImpl                                                     : loaded 2 times (x 78B)
Class kotlin.text.StringsKt__RegexExtensionsKt                                        : loaded 2 times (x 73B)
Class com.google.common.collect.MapMakerInternalMap$StrongKeyDummyValueEntry          : loaded 2 times (x 84B)
Class com.google.common.io.LineReader$1                                               : loaded 2 times (x 77B)
Class com.google.common.collect.CollectSpliterators                                   : loaded 2 times (x 73B)
Class com.google.common.collect.AbstractMapBasedMultimap$AsMap                        : loaded 2 times (x 130B)
Class com.google.common.base.Platform                                                 : loaded 2 times (x 73B)
Class kotlin.sequences.SequencesKt__SequencesJVMKt                                    : loaded 2 times (x 73B)
Class kotlin.collections.AbstractList                                                 : loaded 2 times (x 199B)
Class kotlin.collections.AbstractCollection                                           : loaded 2 times (x 119B)
Class com.google.common.collect.AbstractMapBasedMultimap$WrappedList                  : loaded 2 times (x 207B)
Class [Lorg.objectweb.asm.AnnotationWriter;                                           : loaded 2 times (x 71B)
Class com.google.common.collect.Maps$8                                                : loaded 2 times (x 84B)
Class kotlin.collections.ArrayAsCollection                                            : loaded 2 times (x 107B)
Class kotlin.LazyKt__LazyKt                                                           : loaded 2 times (x 73B)
Class kotlin.text.StringsKt__StringBuilderJVMKt                                       : loaded 2 times (x 73B)
Class com.google.common.collect.Sets$SetView                                          : loaded 2 times (x 141B)
Class com.google.common.cache.LocalCache$StrongValueReference                         : loaded 2 times (x 92B)
Class kotlin.UNINITIALIZED_VALUE                                                      : loaded 2 times (x 73B)
Class com.google.common.graph.SuccessorsFunction                                      : loaded 2 times (x 72B)
Class org.objectweb.asm.Type                                                          : loaded 2 times (x 74B)
Class org.gradle.internal.classloader.VisitableURLClassLoader$InstrumentingVisitableURLClassLoader: loaded 2 times (x 124B)
Class kotlin.comparisons.ComparisonsKt__ComparisonsKt                                 : loaded 2 times (x 73B)
Class kotlin.ranges.RangesKt__RangesKt                                                : loaded 2 times (x 73B)
Class kotlin.collections.SetsKt___SetsKt                                              : loaded 2 times (x 73B)
Class kotlin.sequences.SequencesKt__SequencesKt                                       : loaded 2 times (x 73B)
Class com.google.common.collect.MapMakerInternalMap$StrongKeyDummyValueEntry$Helper   : loaded 2 times (x 81B)
Class com.google.common.io.Files$FileByteSink                                         : loaded 2 times (x 79B)
Class com.google.common.math.IntMath$1                                                : loaded 2 times (x 73B)
Class org.objectweb.asm.ByteVector                                                    : loaded 2 times (x 81B)
Class [Lcom.google.common.cache.CacheBuilder$NullListener;                            : loaded 2 times (x 71B)
Class org.gradle.internal.classloader.VisitableURLClassLoader$Spec                    : loaded 2 times (x 76B)
Class org.gradle.internal.classpath.DefaultClassPath                                  : loaded 2 times (x 92B)
Class kotlin.comparisons.ComparisonsKt                                                : loaded 2 times (x 73B)
Class kotlin.comparisons.ComparisonsKt___ComparisonsKt                                : loaded 2 times (x 73B)
Class kotlin.sequences.FilteringSequence                                              : loaded 2 times (x 77B)
Class [Lorg.jetbrains.kotlin.build.report.metrics.GradleBuildTime;                    : loaded 2 times (x 71B)
Class com.google.common.base.AbstractIterator                                         : loaded 2 times (x 82B)
Class org.objectweb.asm.Symbol                                                        : loaded 2 times (x 75B)
Class com.google.common.io.Closer                                                     : loaded 2 times (x 80B)
Class com.google.common.io.Java8Compatibility                                         : loaded 2 times (x 73B)
Class com.google.common.base.CharMatcher$BitSetMatcher                                : loaded 2 times (x 114B)
Class com.google.common.collect.ImmutableSet                                          : loaded 2 times (x 147B)
Class com.google.common.collect.RegularImmutableMap$Values                            : loaded 2 times (x 209B)
Class org.gradle.internal.classloader.ClassLoaderSpec                                 : loaded 2 times (x 73B)
Class kotlin.jvm.internal.FunctionReferenceImpl                                       : loaded 2 times (x 124B)
Class kotlin.collections.CollectionsKt___CollectionsJvmKt                             : loaded 2 times (x 73B)
Class org.objectweb.asm.AnnotationWriter                                              : loaded 2 times (x 80B)
Class com.google.common.cache.CacheStats                                              : loaded 2 times (x 73B)
Class kotlin.TuplesKt                                                                 : loaded 2 times (x 73B)
Class kotlin.Unit                                                                     : loaded 2 times (x 73B)
Class kotlin.sequences.SequencesKt___SequencesJvmKt                                   : loaded 2 times (x 73B)
Class com.google.common.collect.Interners                                             : loaded 2 times (x 73B)
Class com.google.common.io.Closer$Suppressor                                          : loaded 2 times (x 72B)
Class com.google.common.io.LineProcessor                                              : loaded 2 times (x 72B)
Class com.google.common.collect.ImmutableMultisetGwtSerializationDependencies         : loaded 2 times (x 127B)
Class org.objectweb.asm.RecordComponentWriter                                         : loaded 2 times (x 79B)
Class com.google.common.util.concurrent.AbstractFuture$Listener                       : loaded 2 times (x 74B)
Class com.google.common.base.CharMatcher$Or                                           : loaded 2 times (x 114B)
Class Settings_gradle$1$1                                                             : loaded 2 times (x 76B)
Class org.gradle.api.internal.classpath.Module$ModuleAlias                            : loaded 2 times (x 72B)
Class kotlin.ranges.RangesKt                                                          : loaded 2 times (x 73B)
Class org.objectweb.asm.Attribute                                                     : loaded 2 times (x 79B)
Class com.google.common.base.Supplier                                                 : loaded 2 times (x 72B)
Class org.gradle.internal.classloader.VisitableURLClassLoader                         : loaded 2 times (x 118B)
Class kotlin.collections.ArraysUtilJVM                                                : loaded 2 times (x 73B)
Class kotlin.jvm.functions.Function0                                                  : loaded 2 times (x 72B)
Class com.google.common.collect.ImmutableList$SerializedForm                          : loaded 2 times (x 75B)
Class Settings_gradle                                                                 : loaded 2 times (x 126B)
Class org.gradle.internal.Cast                                                        : loaded 2 times (x 73B)
Class org.gradle.api.Action                                                           : loaded 2 times (x 72B)
Class kotlin.jvm.functions.Function1                                                  : loaded 2 times (x 72B)
Class com.google.common.collect.MapMakerInternalMap                                   : loaded 2 times (x 162B)
Class com.google.common.base.Strings                                                  : loaded 2 times (x 73B)
Class com.google.common.collect.Sets                                                  : loaded 2 times (x 73B)
Class org.objectweb.asm.Handler                                                       : loaded 2 times (x 74B)
Class com.google.common.base.Ticker                                                   : loaded 2 times (x 74B)
Class com.google.common.base.CharMatcher$FastMatcher                                  : loaded 2 times (x 113B)
Class kotlin.jvm.functions.Function2                                                  : loaded 2 times (x 72B)
Class [Lcom.google.common.cache.LocalCache$Segment;                                   : loaded 2 times (x 71B)
Class [Lcom.google.common.cache.LocalCache$Strength;                                  : loaded 2 times (x 71B)
Class com.google.common.cache.CacheBuilder$1                                          : loaded 2 times (x 87B)
Class com.google.common.base.Predicate                                                : loaded 2 times (x 72B)
Class com.google.common.collect.ImmutableMap                                          : loaded 2 times (x 122B)
Class org.gradle.internal.classpath.DefaultClassPath$ImmutableUniqueList$Builder      : loaded 2 times (x 77B)
Class kotlin.jvm.functions.Function3                                                  : loaded 2 times (x 72B)
Class kotlin.collections.MapsKt___MapsJvmKt                                           : loaded 2 times (x 73B)
Class com.google.common.collect.MapMakerInternalMap$WeakValueReference                : loaded 2 times (x 72B)
Class com.google.common.cache.LocalCache                                              : loaded 2 times (x 188B)
Class com.google.common.cache.CacheBuilder$2                                          : loaded 2 times (x 81B)
Class com.google.common.base.CharMatcher$NegatedFastMatcher                           : loaded 2 times (x 115B)
Class kotlin.collections.EmptySet                                                     : loaded 2 times (x 124B)
Class kotlin.collections.CollectionsKt___CollectionsKt                                : loaded 2 times (x 73B)
Class com.google.common.collect.ArrayListMultimap                                     : loaded 2 times (x 173B)
Class com.google.common.cache.CacheBuilder$3                                          : loaded 2 times (x 74B)
Class [Lcom.google.common.collect.AbstractMapEntry;                                   : loaded 2 times (x 71B)
Class com.google.common.collect.ImmutableEntry                                        : loaded 2 times (x 84B)
Class org.gradle.api.GradleException                                                  : loaded 2 times (x 84B)
Class kotlin.reflect.KDeclarationContainer                                            : loaded 2 times (x 72B)
Class kotlin.text.StringsKt___StringsJvmKt                                            : loaded 2 times (x 73B)
Class com.google.common.base.Suppliers$MemoizingSupplier                              : loaded 2 times (x 81B)
Class com.google.common.collect.CollectPreconditions                                  : loaded 2 times (x 73B)
Class kotlin.collections.MapsKt___MapsKt                                              : loaded 2 times (x 73B)
Class kotlin.io.FilesKt                                                               : loaded 2 times (x 73B)
Class kotlin.collections.ArraysKt___ArraysKt                                          : loaded 2 times (x 73B)
Class [Lcom.google.common.collect.MapMakerInternalMap$Strength;                       : loaded 2 times (x 71B)
Class [Lcom.google.common.io.FileWriteMode;                                           : loaded 2 times (x 71B)
Class com.google.common.collect.SortedMapDifference                                   : loaded 2 times (x 72B)
Class kotlin.collections.MapsKt__MapWithDefaultKt                                     : loaded 2 times (x 73B)
Class com.google.common.cache.LocalCache$HashIterator                                 : loaded 2 times (x 88B)
Class com.google.common.collect.MapMakerInternalMap$StrongKeyDummyValueSegment        : loaded 2 times (x 143B)
Class com.google.common.collect.Iterables$4                                           : loaded 2 times (x 83B)
Class com.google.common.io.Files                                                      : loaded 2 times (x 73B)
Class com.google.common.cache.LocalCache$EntryFactory                                 : loaded 2 times (x 85B)
Class kotlin.collections.CollectionsKt__MutableCollectionsJVMKt                       : loaded 2 times (x 73B)
Class kotlin.enums.EnumEntriesKt                                                      : loaded 2 times (x 73B)
Class kotlin.text.StringsKt___StringsKt                                               : loaded 2 times (x 73B)
Class [Lcom.google.common.collect.MapMaker$Dummy;                                     : loaded 2 times (x 71B)
Class com.google.common.base.CharMatcher$Whitespace                                   : loaded 2 times (x 114B)
Class com.google.common.cache.LocalCache$AbstractReferenceEntry                       : loaded 2 times (x 109B)
Class org.gradle.internal.IoActions                                                   : loaded 2 times (x 73B)
Class com.google.common.collect.ImmutableMapKeySet                                    : loaded 2 times (x 154B)
Class org.objectweb.asm.SymbolTable                                                   : loaded 2 times (x 74B)
Class com.google.common.collect.ImmutableSet$RegularSetBuilderImpl                    : loaded 2 times (x 78B)
Class com.google.common.cache.CacheLoader$InvalidCacheLoadException                   : loaded 2 times (x 84B)
Class kotlin.reflect.KAnnotatedElement                                                : loaded 2 times (x 72B)
Class kotlin.jvm.internal.Intrinsics                                                  : loaded 2 times (x 73B)
Class com.google.common.collect.FluentIterable                                        : loaded 2 times (x 83B)
Class com.google.common.cache.LocalCache$StrongEntry                                  : loaded 2 times (x 110B)
Class com.google.common.util.concurrent.AbstractFuture$TrustedFuture                  : loaded 2 times (x 116B)
Class com.google.common.cache.LoadingCache                                            : loaded 2 times (x 72B)
Class kotlin.collections.MapsKt                                                       : loaded 2 times (x 73B)
Class kotlin.collections.CollectionsKt__IterablesKt                                   : loaded 2 times (x 73B)
Class com.google.common.io.ByteStreams$LimitedInputStream                             : loaded 2 times (x 94B)
Class com.google.common.base.Suppliers$NonSerializableMemoizingSupplier               : loaded 2 times (x 81B)
Class org.objectweb.asm.MethodWriter                                                  : loaded 2 times (x 107B)
Class [Lcom.google.common.cache.Weigher;                                              : loaded 2 times (x 71B)
Class com.google.common.collect.RegularImmutableMap$BucketOverflowException           : loaded 2 times (x 84B)
Class kotlin.KotlinNullPointerException                                               : loaded 2 times (x 84B)
Class com.google.common.collect.ImmutableMultimap$1                                   : loaded 2 times (x 84B)
Class com.google.common.collect.AbstractMapBasedMultimap$RandomAccessWrappedList      : loaded 2 times (x 207B)
Class kotlin.ranges.RangesKt___RangesKt                                               : loaded 2 times (x 73B)
Class com.google.common.collect.AbstractIterator$State                                : loaded 2 times (x 81B)
Class com.google.common.collect.ImmutableMultimap$2                                   : loaded 2 times (x 83B)
Class com.google.common.collect.RegularImmutableBiMap                                 : loaded 2 times (x 150B)
Class com.google.common.cache.LocalCache$ValueReference                               : loaded 2 times (x 72B)
Class com.google.common.base.CharMatcher$Negated                                      : loaded 2 times (x 115B)
Class com.google.common.base.CharMatcher$Is                                           : loaded 2 times (x 113B)
Class org.jetbrains.kotlin.com.intellij.openapi.diagnostic.Attachment                 : loaded 2 times (x 74B)
Class kotlin.collections.ArraysKt                                                     : loaded 2 times (x 73B)
Class com.google.common.hash.PrimitiveSink                                            : loaded 2 times (x 72B)
Class com.google.common.base.PatternCompiler                                          : loaded 2 times (x 72B)
Class com.google.common.util.concurrent.AbstractFuture$Failure                        : loaded 2 times (x 74B)
Class com.google.common.base.Equivalence$Equals                                       : loaded 2 times (x 84B)
Class com.google.common.collect.Hashing                                               : loaded 2 times (x 73B)
Class com.google.common.base.Preconditions                                            : loaded 2 times (x 73B)
Class kotlin.collections.SetsKt__SetsKt                                               : loaded 2 times (x 73B)
Class kotlin.LazyKt                                                                   : loaded 2 times (x 73B)
Class com.google.common.io.CharSink                                                   : loaded 2 times (x 81B)
Class com.google.common.base.Joiner$1                                                 : loaded 2 times (x 83B)
Class org.objectweb.asm.Label                                                         : loaded 2 times (x 75B)
Class org.objectweb.asm.CurrentFrame                                                  : loaded 2 times (x 75B)
Class org.objectweb.asm.ClassTooLargeException                                        : loaded 2 times (x 84B)
Class com.google.common.collect.PeekingIterator                                       : loaded 2 times (x 72B)
Class com.google.common.base.CharMatcher                                              : loaded 2 times (x 113B)
Class kotlin.collections.ArraysKt__ArraysJVMKt                                        : loaded 2 times (x 73B)
Class com.google.common.collect.Table                                                 : loaded 2 times (x 72B)
Class com.google.common.collect.MapMakerInternalMap$InternalEntryHelper               : loaded 2 times (x 72B)
Class com.google.common.base.Joiner$2                                                 : loaded 2 times (x 82B)
Class org.objectweb.asm.Frame                                                         : loaded 2 times (x 75B)
Class org.objectweb.asm.MethodVisitor                                                 : loaded 2 times (x 107B)
Class com.google.common.cache.LocalCache$EntryFactory$1                               : loaded 2 times (x 85B)
Class [Lcom.google.common.cache.RemovalListener;                                      : loaded 2 times (x 71B)
Class com.google.common.base.CharMatcher$1                                            : loaded 2 times (x 115B)
Class com.google.common.base.CharMatcher$NamedFastMatcher                             : loaded 2 times (x 114B)
Class kotlin.jvm.internal.CallableReference$NoReceiver                                : loaded 2 times (x 73B)
Class kotlin.text.StringsKt__StringBuilderKt                                          : loaded 2 times (x 73B)
Class com.google.common.cache.LocalCache$EntryFactory$2                               : loaded 2 times (x 85B)
Class kotlin.Lazy                                                                     : loaded 2 times (x 72B)
Class kotlin.NoWhenBranchMatchedException                                             : loaded 2 times (x 84B)
Class org.objectweb.asm.ModuleWriter                                                  : loaded 2 times (x 83B)
Class com.google.common.cache.LocalCache$EntryFactory$3                               : loaded 2 times (x 85B)
Class com.google.common.base.Ticker$1                                                 : loaded 2 times (x 74B)
Class com.google.common.collect.Maps$BiMapConverter                                   : loaded 2 times (x 92B)
Class com.google.common.collect.ImmutableMapEntrySet$RegularEntrySet                  : loaded 2 times (x 154B)
Class [Lkotlin.jvm.functions.Function1;                                               : loaded 2 times (x 71B)
Class com.google.common.collect.CollectSpliterators$1                                 : loaded 2 times (x 92B)
Class com.google.common.collect.ImmutableSet$Builder                                  : loaded 2 times (x 87B)
Class com.google.common.cache.LocalCache$EntryFactory$4                               : loaded 2 times (x 85B)
Class com.google.common.base.CharMatcher$InRange                                      : loaded 2 times (x 113B)
Class kotlin.sequences.ConstrainedOnceSequence                                        : loaded 2 times (x 77B)
Class com.google.common.io.ByteStreams$1                                              : loaded 2 times (x 87B)
Class com.google.common.cache.LocalCache$EntryFactory$5                               : loaded 2 times (x 85B)
Class kotlin.jvm.internal.markers.KMappedMarker                                       : loaded 2 times (x 72B)
Class kotlin.NotImplementedError                                                      : loaded 2 times (x 84B)
Class com.google.common.cache.LocalCache$EntryFactory$6                               : loaded 2 times (x 85B)
Class org.gradle.internal.installation.CurrentGradleInstallationLocator               : loaded 2 times (x 73B)
Class com.google.common.collect.ImmutableMultimap$Builder                             : loaded 2 times (x 88B)
Class com.google.common.collect.Maps$KeySet                                           : loaded 2 times (x 139B)
Class com.google.common.collect.ImmutableSet$EmptySetBuilderImpl                      : loaded 2 times (x 78B)
Class com.google.common.cache.LocalCache$EntryFactory$7                               : loaded 2 times (x 85B)
Class com.google.common.collect.ImmutableList                                         : loaded 2 times (x 208B)
Class org.gradle.internal.service.DefaultServiceLocator                               : loaded 2 times (x 85B)
Class com.google.common.collect.ImmutableMultimap$EntryCollection                     : loaded 2 times (x 130B)
Class com.google.common.collect.Maps$EntrySet                                         : loaded 2 times (x 138B)
Class com.google.common.collect.ImmutableSet$SetBuilderImpl                           : loaded 2 times (x 78B)
Class com.google.common.cache.LocalCache$EntryFactory$8                               : loaded 2 times (x 85B)
Class org.gradle.internal.installation.CurrentGradleInstallation                      : loaded 2 times (x 75B)
Class com.google.common.collect.ImmutableList$SubList                                 : loaded 2 times (x 211B)
Class com.google.common.cache.CacheLoader$1                                           : loaded 2 times (x 77B)
Class org.gradle.util.internal.GUtil                                                  : loaded 2 times (x 73B)
Class kotlin.io.NoSuchFileException                                                   : loaded 2 times (x 84B)
Class kotlin.collections.CollectionsKt                                                : loaded 2 times (x 73B)
Class com.google.common.io.ByteSource                                                 : loaded 2 times (x 86B)
Class com.google.common.cache.AbstractCache$StatsCounter                              : loaded 2 times (x 72B)
Class com.google.common.collect.MapMakerInternalMap$1                                 : loaded 2 times (x 85B)
Class com.google.common.io.LineBuffer                                                 : loaded 2 times (x 77B)
Class com.google.common.collect.Iterators$MergingIterator                             : loaded 2 times (x 83B)
Class com.google.common.collect.RegularImmutableSet                                   : loaded 2 times (x 150B)
Class org.gradle.internal.installation.GradleInstallation                             : loaded 2 times (x 77B)
Class com.google.common.base.Splitter$Strategy                                        : loaded 2 times (x 72B)
Class com.google.common.collect.Iterables                                             : loaded 2 times (x 73B)
Class kotlin.jvm.KotlinReflectionNotSupportedError                                    : loaded 2 times (x 84B)
Class org.jetbrains.kotlin.com.intellij.openapi.diagnostic.DefaultLogger              : loaded 2 times (x 102B)

---------------  S Y S T E M  ---------------

OS:
 Windows 11 , 64 bit Build 26100 (10.0.26100.9444)
OS uptime: 2 days 16:43 hours
Hyper-V role detected

CPU: total 16 (initial active 16) (8 cores per cpu, 2 threads per core) family 6 model 154 stepping 3 microcode 0x423, cx8, cmov, fxsr, ht, mmx, 3dnowpref, sse, sse2, sse3, ssse3, sse4.1, sse4.2, popcnt, lzcnt, tsc, tscinvbit, avx, avx2, aes, erms, clmul, bmi1, bmi2, adx, sha, fma, vzeroupper, clflush, clflushopt, clwb, hv, serialize, rdtscp, rdpid, fsrm, gfni, f16c, cet_ibt, cet_ss
Processor Information for processor 0
  Max Mhz: 3100, Current Mhz: 3100, Mhz Limit: 3100
Processor Information for processor 1
  Max Mhz: 3100, Current Mhz: 3100, Mhz Limit: 3100
Processor Information for processor 2
  Max Mhz: 3100, Current Mhz: 3100, Mhz Limit: 3100
Processor Information for processor 3
  Max Mhz: 3100, Current Mhz: 3100, Mhz Limit: 3100
Processor Information for processor 4
  Max Mhz: 3100, Current Mhz: 3100, Mhz Limit: 3100
Processor Information for processor 5
  Max Mhz: 3100, Current Mhz: 3100, Mhz Limit: 3100
Processor Information for processor 6
  Max Mhz: 3100, Current Mhz: 3100, Mhz Limit: 3100
Processor Information for processor 7
  Max Mhz: 3100, Current Mhz: 3100, Mhz Limit: 3100
Processor Information for processor 8
  Max Mhz: 3100, Current Mhz: 2232, Mhz Limit: 2232
Processor Information for processor 9
  Max Mhz: 3100, Current Mhz: 2232, Mhz Limit: 2232
Processor Information for processor 10
  Max Mhz: 3100, Current Mhz: 2232, Mhz Limit: 2232
Processor Information for processor 11
  Max Mhz: 3100, Current Mhz: 2232, Mhz Limit: 2232
Processor Information for processor 12
  Max Mhz: 3100, Current Mhz: 2232, Mhz Limit: 2232
Processor Information for processor 13
  Max Mhz: 3100, Current Mhz: 2232, Mhz Limit: 2232
Processor Information for processor 14
  Max Mhz: 3100, Current Mhz: 2232, Mhz Limit: 2232
Processor Information for processor 15
  Max Mhz: 3100, Current Mhz: 2232, Mhz Limit: 2232

Memory: 4k page, system-wide physical 16070M (300M free)
TotalPageFile size 32714M (AvailPageFile size 3M)
current process WorkingSet (physical memory assigned to process): 725M, peak: 725M
current process commit charge ("private bytes"): 770M, peak: 782M

vm_info: OpenJDK 64-Bit Server VM (25.0.3+-15898627-b508.16) for windows-amd64 JRE (25.0.3+-15898627-b508.16), built on 2026-07-20T17:54:23Z with MS VC++ 16.10 / 16.11 (VS2019)

END.
